indiv,year,lwage,educ,exper,exper2,union,pub,married,black,hispanic
13,1980,1.197540164,14,1,1,0,0,0,0,0
13,1981,1.853060007,14,2,4,1,0,0,0,0
13,1982,1.344461679,14,3,9,0,0,0,0,0
13,1983,1.433213353,14,4,16,0,0,0,0,0
13,1984,1.568125129,14,5,25,0,0,0,0,0
13,1985,1.699890971,14,6,36,0,0,0,0,0
13,1986,-0.7202625871,14,7,49,0,0,0,0,0
13,1987,1.669187903,14,8,64,0,0,0,0,0
17,1980,1.675962448,13,4,16,0,0,0,0,0
17,1981,1.518398166,13,5,25,0,0,0,0,0
17,1982,1.559190512,13,6,36,0,0,0,0,0
17,1983,1.725410104,13,7,49,0,0,0,0,0
17,1984,1.622022271,13,8,64,0,0,0,0,0
17,1985,1.608588219,13,9,81,0,0,0,0,0
17,1986,1.57238543,13,10,100,0,0,0,0,0
17,1987,1.820333838,13,11,121,0,0,0,0,0
18,1980,1.51596272,12,4,16,0,0,1,0,0
18,1981,1.7353791,12,5,25,0,0,1,0,0
18,1982,1.63174367,12,6,36,0,0,1,0,0
18,1983,1.998228788,12,7,49,0,0,1,0,0
18,1984,2.18401432,12,8,64,0,0,1,0,0
18,1985,2.266662121,12,9,81,0,0,1,0,0
18,1986,2.069943905,12,10,100,0,0,1,0,0
18,1987,2.873160839,12,11,121,0,0,1,0,0
45,1980,1.894114971,12,2,4,1,0,0,0,0
45,1981,1.471159339,12,3,9,1,0,0,0,0
45,1982,1.47349751,12,4,16,0,0,0,0,0
45,1983,1.740914226,12,5,25,0,0,0,0,0
45,1984,1.823213696,12,6,36,0,0,0,0,0
45,1985,1.908272862,12,7,49,0,0,0,0,0
45,1986,1.742447376,12,8,64,0,0,0,0,0
45,1987,2.13568902,12,9,81,0,0,1,0,0
110,1980,1.948774815,12,5,25,1,0,0,0,0
110,1981,1.962259293,12,6,36,0,0,0,0,0
110,1982,1.963296771,12,7,49,0,0,0,0,0
110,1983,2.202515602,12,8,64,0,0,0,0,0
110,1984,2.134954214,12,9,81,0,0,1,0,0
110,1985,2.125822783,12,10,100,0,0,1,0,0
110,1986,1.991016626,12,11,121,0,0,1,0,0
110,1987,2.112393379,12,12,144,0,0,1,0,0
120,1980,0.2585548759,10,2,4,0,0,0,0,0
120,1981,1.319971681,10,3,9,0,0,0,0,0
120,1982,1.462085247,10,4,16,0,0,0,0,0
120,1983,1.32028687,10,5,25,0,0,0,0,0
120,1984,1.703646541,10,6,36,0,0,0,0,0
120,1985,1.445803165,10,7,49,0,0,0,0,0
120,1986,1.806364059,10,8,64,0,0,0,0,0
120,1987,2.148120165,10,9,81,0,0,0,0,0
126,1980,1.737285495,13,2,4,0,0,0,0,0
126,1981,1.989600897,13,3,9,0,0,0,0,0
126,1982,2.189916849,13,4,16,0,0,0,0,0
126,1983,1.855463266,13,5,25,0,0,0,0,0
126,1984,1.922437787,13,6,36,0,0,0,0,0
126,1985,2.061023951,13,7,49,0,0,1,0,0
126,1986,1.782201648,13,8,64,0,0,1,0,0
126,1987,2.414681673,13,9,81,0,0,1,0,0
150,1980,1.208735347,12,2,4,0,0,0,0,0
150,1981,1.194039702,12,3,9,0,0,0,0,0
150,1982,1.170440555,12,4,16,0,0,0,0,0
150,1983,1.097964525,12,5,25,0,0,0,0,0
150,1984,0.7658162117,12,6,36,0,0,0,0,0
150,1985,1.119025946,12,7,49,0,0,0,0,0
150,1986,1.119366765,12,8,64,0,0,0,0,0
150,1987,0.8314595222,12,9,81,1,0,0,0,0
162,1980,0.5024701357,11,2,4,1,0,0,0,0
162,1981,1.064912319,11,3,9,0,0,0,0,0
162,1982,1.189497948,11,4,16,0,0,0,0,0
162,1983,1.539888501,11,5,25,0,0,0,0,0
162,1984,1.598286033,11,6,36,0,0,0,0,0
162,1985,1.737320662,11,7,49,0,0,0,0,0
162,1986,1.988455892,11,8,64,0,0,0,0,0
162,1987,2.158678532,11,9,81,0,0,0,0,0
166,1980,1.005293965,10,2,4,1,0,0,0,0
166,1981,0.937687397,10,3,9,1,0,0,0,0
166,1982,1.367487669,10,4,16,1,0,0,0,0
166,1983,1.378008723,10,5,25,1,0,0,0,0
166,1984,1.170183539,10,6,36,1,0,0,0,0
166,1985,1.728221416,10,7,49,0,0,0,0,0
166,1986,1.709864736,10,8,64,0,0,1,0,0
166,1987,1.851074815,10,9,81,0,0,1,0,0
189,1980,1.130545378,14,2,4,0,0,0,0,0
189,1981,0.8362480402,14,3,9,0,0,0,0,0
189,1982,1.467359781,14,4,16,0,0,0,0,0
189,1983,1.071483612,14,5,25,0,0,0,0,0
189,1984,1.445919514,14,6,36,0,0,0,0,0
189,1985,1.685116291,14,7,49,0,0,0,0,0
189,1986,1.686174989,14,8,64,0,0,0,0,0
189,1987,1.755130291,14,9,81,0,0,0,0,0
193,1980,1.565691948,14,2,4,0,0,0,0,0
193,1981,2.493875265,14,3,9,0,0,0,0,0
193,1982,1.822662115,14,4,16,0,0,0,0,0
193,1983,2.380336046,14,5,25,0,0,0,0,0
193,1984,2.217128515,14,6,36,0,0,0,0,0
193,1985,2.272031546,14,7,49,0,0,1,0,0
193,1986,2.353798628,14,8,64,0,0,1,0,0
193,1987,2.429450035,14,9,81,0,0,1,0,0
209,1980,1.918003201,11,3,9,0,0,0,0,0
209,1981,0.7654077411,11,4,16,0,0,0,0,0
209,1982,1.978185415,11,5,25,0,0,0,0,0
209,1983,1.948553681,11,6,36,0,0,0,0,0
209,1984,2.037025928,11,7,49,0,0,0,0,0
209,1985,1.902574778,11,8,64,0,0,0,0,0
209,1986,1.972603679,11,9,81,0,0,0,0,0
209,1987,2.186982155,11,10,100,0,0,0,0,0
212,1980,1.78447175,11,2,4,0,0,0,0,0
212,1981,2.179982662,11,3,9,0,0,0,0,0
212,1982,1.963865399,11,4,16,1,0,0,0,0
212,1983,2.044932842,11,5,25,0,0,0,0,0
212,1984,2.012861252,11,6,36,0,0,0,0,0
212,1985,2.096985817,11,7,49,0,0,0,0,0
212,1986,2.143966198,11,8,64,0,0,1,0,0
212,1987,2.24128437,11,9,81,1,0,1,0,0
218,1980,2.013313293,15,2,4,0,0,0,0,0
218,1981,1.962152481,15,3,9,0,0,0,0,0
218,1982,2.275640965,15,4,16,0,0,0,0,0
218,1983,2.194917679,15,5,25,0,0,1,0,0
218,1984,2.428337336,15,6,36,0,0,1,0,0
218,1985,2.723037004,15,7,49,0,0,1,0,0
218,1986,2.966396332,15,8,64,0,0,1,0,0
218,1987,3.065051794,15,9,81,0,0,1,0,0
243,1980,1.564181328,12,4,16,0,0,0,0,0
243,1981,1.683545828,12,5,25,0,0,0,0,0
243,1982,1.690503359,12,6,36,0,1,0,0,0
243,1983,1.660871625,12,7,49,0,1,1,0,0
243,1984,1.698050618,12,8,64,0,1,1,0,0
243,1985,1.671768188,12,9,81,0,1,1,0,0
243,1986,1.635717511,12,10,100,0,1,1,0,0
243,1987,1.786970973,12,11,121,0,0,1,0,0
259,1980,2.107189655,12,3,9,1,0,1,0,0
259,1981,2.089010954,12,4,16,1,0,1,0,0
259,1982,2.042723894,12,5,25,1,0,1,0,0
259,1983,1.308155775,12,6,36,1,0,1,0,0
259,1984,1.488152266,12,7,49,0,0,1,0,0
259,1985,1.542818189,12,8,64,0,0,1,0,0
259,1986,1.535134673,12,9,81,0,0,1,0,0
259,1987,1.45433557,12,10,100,0,0,1,0,0
260,1980,1.629912019,11,2,4,1,0,0,0,0
260,1981,1.775113106,11,3,9,1,0,0,0,0
260,1982,1.967256308,11,4,16,0,0,0,0,0
260,1983,2.075186253,11,5,25,0,0,1,0,0
260,1984,2.128833532,11,6,36,0,0,1,0,0
260,1985,2.268419266,11,7,49,0,0,1,0,0
260,1986,1.992139101,11,8,64,0,0,1,0,0
260,1987,2.421554565,11,9,81,0,0,1,0,0
309,1980,1.786075711,12,3,9,0,0,0,0,0
309,1981,2.28076601,12,4,16,0,0,0,0,0
309,1982,2.264266253,12,5,25,0,0,0,0,0
309,1983,2.275456429,12,6,36,0,0,1,0,0
309,1984,2.208132505,12,7,49,0,0,1,0,0
309,1985,2.199852467,12,8,64,0,0,1,0,0
309,1986,2.206899881,12,9,81,0,0,1,0,0
309,1987,2.476866961,12,10,100,0,0,1,0,0
351,1980,1.643386841,12,3,9,0,0,0,0,0
351,1981,1.335580468,12,4,16,0,0,0,0,0
351,1982,1.52281785,12,5,25,0,0,1,0,0
351,1983,1.418851376,12,6,36,0,0,1,0,0
351,1984,0.9039274454,12,7,49,0,0,1,0,0
351,1985,1.88856411,12,8,64,0,0,1,0,0
351,1986,1.78344965,12,9,81,0,0,1,0,0
351,1987,1.698008299,12,10,100,0,0,1,0,0
353,1980,1.838197231,12,3,9,0,0,0,0,0
353,1981,1.817077279,12,4,16,1,0,0,0,0
353,1982,1.671740294,12,5,25,0,0,0,0,0
353,1983,1.572830558,12,6,36,0,0,0,0,0
353,1984,1.682546377,12,7,49,0,0,0,0,0
353,1985,1.583640218,12,8,64,0,0,0,0,0
353,1986,1.773293138,12,9,81,0,0,0,0,0
353,1987,1.861078978,12,10,100,0,0,0,0,0
383,1980,1.462888122,12,2,4,0,0,0,1,0
383,1981,1.570217252,12,3,9,0,0,0,1,0
383,1982,1.656601787,12,4,16,1,0,0,1,0
383,1983,1.725410104,12,5,25,0,0,0,1,0
383,1984,1.772158504,12,6,36,0,0,0,1,0
383,1985,2.011084318,12,7,49,0,0,0,1,0
383,1986,1.991016626,12,8,64,0,0,0,1,0
383,1987,1.952050686,12,9,81,0,0,0,1,0
408,1980,1.65209496,11,2,4,0,0,0,0,0
408,1981,1.489534974,11,3,9,0,0,1,0,0
408,1982,1.881175756,11,4,16,0,0,1,0,0
408,1983,2.06103158,11,5,25,0,0,1,0,0
408,1984,2.488836288,11,6,36,1,0,1,0,0
408,1985,2.430938005,11,7,49,1,0,1,0,0
408,1986,2.534560442,11,8,64,1,0,1,0,0
408,1987,2.069602489,11,9,81,1,0,1,0,0
424,1980,2.165839434,12,5,25,0,0,1,0,0
424,1981,2.325399876,12,6,36,0,0,1,0,0
424,1982,2.383650541,12,7,49,0,0,1,0,0
424,1983,2.337211609,12,8,64,0,0,1,0,0
424,1984,2.412507534,12,9,81,0,0,1,0,0
424,1985,2.384145975,12,10,100,0,0,1,0,0
424,1986,2.352030039,12,11,121,0,0,1,0,0
424,1987,2.577756643,12,12,144,0,0,1,0,0
464,1980,0.9726262689,13,2,4,0,0,0,0,0
464,1981,1.003104448,13,3,9,0,0,0,0,0
464,1982,1.099635005,13,4,16,0,0,1,0,0
464,1983,1.21458447,13,5,25,0,0,1,0,0
464,1984,1.319241762,13,6,36,0,0,1,0,0
464,1985,1.389742494,13,7,49,0,0,1,0,0
464,1986,1.573538065,13,8,64,0,0,1,0,0
464,1987,1.900699735,13,9,81,0,0,1,0,0
483,1980,1.682627082,12,5,25,0,0,0,0,0
483,1981,1.661706328,12,6,36,0,0,0,0,0
483,1982,1.755041838,12,7,49,0,0,0,0,0
483,1983,1.753450751,12,8,64,1,0,0,0,0
483,1984,1.618007898,12,9,81,0,0,0,0,0
483,1985,1.648178697,12,10,100,0,0,0,0,0
483,1986,1.745894194,12,11,121,0,0,0,0,0
483,1987,1.727081895,12,12,144,0,0,0,0,0
556,1980,1.939345479,14,2,4,0,0,0,0,0
556,1981,2.120263577,14,3,9,0,0,0,0,0
556,1982,2.160506964,14,4,16,0,0,0,0,0
556,1983,2.489253998,14,5,25,0,0,0,0,0
556,1984,2.37569356,14,6,36,0,0,0,0,0
556,1985,2.295886755,14,7,49,0,0,0,0,0
556,1986,2.299090147,14,8,64,0,0,0,0,0
556,1987,2.581879377,14,9,81,0,0,0,0,0
560,1980,1.386847258,12,2,4,0,0,0,0,0
560,1981,2.127581835,12,3,9,0,0,0,0,0
560,1982,0.9688702226,12,4,16,0,0,0,0,0
560,1983,1.163598895,12,5,25,0,0,0,0,0
560,1984,1.35661912,12,6,36,0,0,0,0,0
560,1985,1.416253328,12,7,49,0,0,0,0,0
560,1986,1.214983225,12,8,64,1,0,0,0,0
560,1987,1.639359474,12,9,81,0,0,0,0,0
569,1980,0.683725059,12,2,4,0,0,0,0,0
569,1981,1.078989029,12,3,9,0,0,0,0,0
569,1982,0.8396357298,12,4,16,0,0,0,0,0
569,1983,1.507569075,12,5,25,0,0,0,0,0
569,1984,1.020651698,12,6,36,0,0,0,0,0
569,1985,0.5425977707,12,7,49,0,0,0,0,0
569,1986,0.1147163138,12,8,64,0,0,0,0,0
569,1987,0.3128517568,12,9,81,0,0,0,0,0
583,1980,1.626772165,12,4,16,0,0,0,0,0
583,1981,1.880874991,12,5,25,0,0,0,0,0
583,1982,1.741196513,12,6,36,1,0,0,0,0
583,1983,2.194788456,12,7,49,1,0,0,0,0
583,1984,2.083836079,12,8,64,0,0,1,0,0
583,1985,1.91844821,12,9,81,0,0,1,0,0
583,1986,2.156713724,12,10,100,0,0,1,0,0
583,1987,1.985040903,12,11,121,0,0,0,0,0
647,1980,1.396706223,12,2,4,1,0,0,0,0
647,1981,1.519825697,12,3,9,1,0,1,0,0
647,1982,1.509153008,12,4,16,1,0,1,0,0
647,1983,1.645041585,12,5,25,1,0,1,0,0
647,1984,1.549015045,12,6,36,1,0,0,0,0
647,1985,1.826956272,12,7,49,1,0,1,0,0
647,1986,1.883680344,12,8,64,1,1,1,0,0
647,1987,2.02366066,12,9,81,1,1,1,0,0
658,1980,1.731417298,12,4,16,1,0,0,0,0
658,1981,1.813758969,12,5,25,0,0,0,0,0
658,1982,1.700048327,12,6,36,1,0,0,0,0
658,1983,1.939648867,12,7,49,1,0,0,0,0
658,1984,1.935752749,12,8,64,0,0,0,0,0
658,1985,2.099785089,12,9,81,0,0,0,0,0
658,1986,2.192046642,12,10,100,0,0,0,0,0
658,1987,2.005142927,12,11,121,0,0,0,0,0
684,1980,2.821782589,12,2,4,0,0,0,0,0
684,1981,2.179982662,12,3,9,0,0,0,0,0
684,1982,2.309426546,12,4,16,0,0,1,0,0
684,1983,2.251321316,12,5,25,0,0,1,0,0
684,1984,2.352297068,12,6,36,0,0,1,0,0
684,1985,2.313848257,12,7,49,0,0,1,0,0
684,1986,2.253420115,12,8,64,0,0,1,0,0
684,1987,2.405352592,12,9,81,0,0,1,0,0
711,1980,1.23202455,11,2,4,0,0,0,0,0
711,1981,1.366491675,11,3,9,0,0,0,0,0
711,1982,1.690503359,11,4,16,0,0,0,0,0
711,1983,1.660871625,11,5,25,0,0,0,0,0
711,1984,1.555876136,11,6,36,0,0,0,0,0
711,1985,-0.7141255736,11,7,49,0,0,0,0,0
711,1986,1.468481064,11,8,64,0,0,0,0,0
711,1987,0.5130057931,11,9,81,0,0,0,0,0
729,1980,1.959579587,13,2,4,1,0,1,0,0
729,1981,1.893339276,13,3,9,0,0,0,0,0
729,1982,3.096215725,13,4,16,1,0,1,0,0
729,1983,1.910813332,13,5,25,1,0,1,0,0
729,1984,1.615264416,13,6,36,0,0,1,0,0
729,1985,2.076528072,13,7,49,0,0,1,0,0
729,1986,2.107539892,13,8,64,0,0,1,0,0
729,1987,2.155585289,13,9,81,0,0,1,0,0
731,1980,1.655638933,12,4,16,0,0,0,0,0
731,1981,1.464255929,12,5,25,0,0,1,0,0
731,1982,1.00782752,12,6,36,0,0,1,0,0
731,1983,1.477949262,12,7,49,0,0,1,0,0
731,1984,0.6187202334,12,8,64,0,0,1,0,0
731,1985,2.225624084,12,9,81,0,0,0,0,0
731,1986,2.657730579,12,10,100,0,0,0,0,0
731,1987,2.139191628,12,11,121,0,0,0,0,0
732,1980,1.497270584,12,3,9,0,0,0,0,0
732,1981,1.601715922,12,4,16,0,0,0,0,0
732,1982,1.504842877,12,5,25,0,0,0,0,0
732,1983,1.798046827,12,6,36,0,0,0,0,0
732,1984,1.652890205,12,7,49,0,0,0,0,0
732,1985,1.763385415,12,8,64,0,0,0,0,0
732,1986,1.722681999,12,9,81,0,0,0,0,0
732,1987,1.762060642,12,10,100,0,0,0,0,0
793,1980,0.8915284276,14,2,4,0,0,0,0,0
793,1981,1.931021571,14,3,9,0,0,0,0,0
793,1982,1.902649879,14,4,16,0,0,0,0,0
793,1983,1.885374784,14,5,25,0,0,0,0,0
793,1984,1.6787076,14,6,36,0,0,0,0,0
793,1985,1.896358371,14,7,49,0,0,0,0,0
793,1986,1.788370252,14,8,64,0,0,0,0,0
793,1987,1.563827395,14,9,81,0,0,0,0,0
797,1980,0.9925240278,10,3,9,0,0,0,0,0
797,1981,2.345144749,10,4,16,1,0,0,0,0
797,1982,1.680933952,10,5,25,1,0,0,0,0
797,1983,1.989654064,10,6,36,0,0,1,0,0
797,1984,2.448014259,10,7,49,1,0,1,0,0
797,1985,2.450180292,10,8,64,1,0,1,0,0
797,1986,2.172239304,10,9,81,1,0,1,0,0
797,1987,2.415983677,10,10,100,1,0,1,0,0
800,1980,1.587761521,11,2,4,1,0,0,0,0
800,1981,1.609437943,11,3,9,1,0,0,0,0
800,1982,1.50818181,11,4,16,1,0,0,0,0
800,1983,1.555510998,11,5,25,1,0,0,0,0
800,1984,1.549015045,11,6,36,1,0,0,0,0
800,1985,1.616430044,11,7,49,0,0,0,0,0
800,1986,1.825936913,11,8,64,1,0,1,0,0
800,1987,1.990435004,11,9,81,1,0,1,0,0
813,1980,1.55621314,13,2,4,0,0,0,0,0
813,1981,0.4229120314,13,3,9,0,0,0,0,0
813,1982,0.7104340792,13,4,16,0,0,0,0,0
813,1983,0.9317216873,13,5,25,0,0,0,0,0
813,1984,-3.579078674,13,6,36,0,0,0,0,0
813,1985,1.32275629,13,7,49,0,0,0,0,0
813,1986,1.389700174,13,8,64,0,0,0,0,0
813,1987,1.543499708,13,9,81,0,0,0,0,0
823,1980,-0.3726613522,10,3,9,0,0,0,0,0
823,1981,0.6063144207,10,4,16,0,0,0,0,0
823,1982,0.8648805022,10,5,25,0,0,0,0,0
823,1983,0.5121712089,10,6,36,0,0,0,0,0
823,1984,0.6839116216,10,7,49,0,0,0,0,0
823,1985,0.9997493029,10,8,64,0,0,0,0,0
823,1986,1.434860587,10,9,81,0,0,0,0,0
823,1987,1.17703557,10,10,100,0,0,0,0,0
827,1980,0.8836852312,12,2,4,0,0,0,0,0
827,1981,1.424866676,12,3,9,0,0,0,0,0
827,1982,1.365903616,12,4,16,0,0,0,0,0
827,1983,1.391688943,12,5,25,0,0,0,0,0
827,1984,1.792189598,12,6,36,0,0,0,0,0
827,1985,1.948283315,12,7,49,0,0,0,0,0
827,1986,2.263611555,12,8,64,0,0,1,0,0
827,1987,2.628963709,12,9,81,0,0,1,0,0
847,1980,1.562727809,14,1,1,1,0,0,1,0
847,1981,1.664497733,14,2,4,1,0,0,1,0
847,1982,1.770546079,14,3,9,0,0,0,1,0
847,1983,1.786034703,14,4,16,0,0,0,1,0
847,1984,2.001000166,14,5,25,0,0,0,1,0
847,1985,1.648178697,14,6,36,1,0,0,1,0
847,1986,2.125710964,14,7,49,0,0,0,1,0
847,1987,1.688419223,14,8,64,1,1,1,1,0
851,1980,1.875813127,12,2,4,0,0,0,0,0
851,1981,1.956676126,12,3,9,0,0,0,0,0
851,1982,1.8672539,12,4,16,0,0,1,0,0
851,1983,2.174533129,12,5,25,0,0,1,0,0
851,1984,1.914497137,12,6,36,0,0,1,0,0
851,1985,2.017925739,12,7,49,1,0,1,0,0
851,1986,2.11765933,12,8,64,1,0,1,0,0
851,1987,1.977629066,12,9,81,1,0,0,0,0
863,1980,1.570450902,12,2,4,0,0,0,0,0
863,1981,1.562185049,12,3,9,0,0,0,0,0
863,1982,1.569976807,12,4,16,0,0,0,0,0
863,1983,1.794119596,12,5,25,0,0,0,0,0
863,1984,1.837172031,12,6,36,0,0,0,0,0
863,1985,1.813934922,12,7,49,0,0,1,0,0
863,1986,2.038395643,12,8,64,0,0,1,0,0
863,1987,1.905903578,12,9,81,0,0,1,0,0
873,1980,0.5968629122,10,2,4,1,0,0,0,0
873,1981,0.4749911726,10,3,9,0,0,0,0,0
873,1982,1.090265393,10,4,16,0,0,0,0,0
873,1983,1.000002027,10,5,25,1,0,0,0,0
873,1984,0.833053112,10,6,36,1,0,0,0,0
873,1985,1.401281118,10,7,49,1,0,0,0,0
873,1986,1.734129429,10,8,64,1,0,0,0,0
873,1987,1.882872105,10,9,81,1,0,0,0,0
891,1980,2.000043869,12,2,4,1,0,0,0,0
891,1981,2.30771184,12,3,9,1,0,1,0,0
891,1982,2.308812618,12,4,16,1,0,1,0,0
891,1983,1.880415797,12,5,25,1,0,0,0,0
891,1984,1.869900823,12,6,36,0,0,1,0,0
891,1985,2.07919836,12,7,49,1,0,1,0,0
891,1986,1.887449741,12,8,64,1,0,1,0,0
891,1987,1.8094275,12,9,81,0,0,0,0,0
908,1980,0.9975806475,10,2,4,1,0,0,0,0
908,1981,0.2309867293,10,3,9,1,0,0,0,0
908,1982,0.4322609305,10,4,16,1,0,0,0,0
908,1983,0.9741553068,10,5,25,1,0,0,0,0
908,1984,0.5122098923,10,6,36,1,0,0,0,0
908,1985,0.9484363198,10,7,49,0,0,0,0,0
908,1986,1.282688141,10,8,64,0,0,0,0,0
908,1987,1.377866626,10,9,81,0,0,1,0,0
910,1980,1.865393281,13,2,4,0,0,0,1,0
910,1981,2.134249687,13,3,9,0,0,0,1,0
910,1982,1.040896535,13,4,16,0,0,0,1,0
910,1983,1.761967659,13,5,25,0,0,0,1,0
910,1984,1.919158101,13,6,36,0,0,0,1,0
910,1985,2.257065535,13,7,49,0,0,0,1,0
910,1986,2.111953735,13,8,64,0,0,0,1,0
910,1987,1.892331481,13,9,81,0,0,0,1,0
916,1980,1.175440669,13,2,4,0,0,0,0,0
916,1981,1.411612153,13,3,9,0,0,0,0,0
916,1982,1.615795016,13,4,16,0,0,0,0,0
916,1983,1.688940644,13,5,25,0,0,0,0,0
916,1984,1.961550236,13,6,36,0,0,0,0,0
916,1985,1.910542965,13,7,49,0,0,0,0,0
916,1986,2.018308878,13,8,64,0,0,0,0,0
916,1987,2.282292366,13,9,81,0,0,0,0,0
919,1980,1.568009496,12,3,9,0,0,1,0,0
919,1981,1.395863771,12,4,16,1,0,1,0,0
919,1982,1.380348444,12,5,25,1,0,1,0,0
919,1983,1.494423389,12,6,36,1,0,1,0,0
919,1984,1.394864321,12,7,49,1,0,1,0,0
919,1985,1.44053936,12,8,64,1,0,1,0,0
919,1986,1.596362472,12,9,81,1,0,1,0,0
919,1987,1.619916916,12,10,100,1,0,1,0,0
922,1980,1.602506399,12,2,4,0,0,0,0,0
922,1981,2.034989834,12,3,9,0,0,0,0,0
922,1982,2.238628387,12,4,16,0,0,0,0,0
922,1983,2.217671394,12,5,25,0,0,0,0,0
922,1984,2.447831154,12,6,36,0,0,0,0,0
922,1985,2.603690147,12,7,49,0,0,0,0,0
922,1986,2.355690479,12,8,64,0,0,0,0,0
922,1987,2.186982155,12,9,81,0,0,1,0,0
924,1980,0.8535585403,11,1,1,0,0,0,0,0
924,1981,0.8921670318,11,2,4,0,0,0,0,0
924,1982,0.8500412703,11,3,9,0,0,0,0,0
924,1983,0.5909377337,11,4,16,0,0,0,0,0
924,1984,1.202973247,11,5,25,0,0,0,0,0
924,1985,1.554618359,11,6,36,0,0,0,0,0
924,1986,1.802115798,11,7,49,0,0,0,0,0
924,1987,1.697930336,11,8,64,0,0,1,0,0
925,1980,2.135246992,15,2,4,0,0,0,0,0
925,1981,2.222542286,15,3,9,0,0,0,0,0
925,1982,2.135670185,15,4,16,0,0,0,0,0
925,1983,2.236235619,15,5,25,0,0,0,0,0
925,1984,2.347522736,15,6,36,0,0,0,0,0
925,1985,2.414448261,15,7,49,0,0,1,0,0
925,1986,0.04944492504,15,8,64,0,0,1,0,0
925,1987,2.623219013,15,9,81,0,0,1,0,0
944,1980,0.819390893,13,2,4,0,0,0,0,0
944,1981,0.5895946622,13,3,9,0,0,0,0,0
944,1982,1.399766564,13,4,16,0,0,0,0,0
944,1983,1.555510998,13,5,25,0,0,0,0,0
944,1984,1.618007898,13,6,36,0,0,0,0,0
944,1985,1.607972264,13,7,49,0,0,0,0,0
944,1986,1.61009264,13,8,64,0,0,0,0,0
944,1987,1.197449684,13,9,81,0,0,0,0,0
945,1980,1.039624929,14,1,1,0,0,0,0,0
945,1981,1.359861135,14,2,4,0,0,0,0,0
945,1982,1.260501981,14,3,9,0,0,0,0,0
945,1983,1.322710156,14,4,16,0,0,0,0,0
945,1984,1.718771577,14,5,25,0,0,0,0,0
945,1985,1.310399175,14,6,36,0,0,0,0,0
945,1986,1.411624789,14,7,49,0,0,0,0,0
945,1987,1.386204362,14,8,64,0,0,0,0,0
947,1980,2.236456871,13,3,9,1,0,0,0,0
947,1981,2.37669301,13,4,16,1,0,0,0,0
947,1982,2.386539221,13,5,25,1,0,1,0,0
947,1983,2.384628057,13,6,36,0,0,1,0,0
947,1984,2.400285006,13,7,49,0,0,1,0,0
947,1985,2.471379042,13,8,64,0,0,1,0,0
947,1986,2.264099836,13,9,81,0,0,1,0,0
947,1987,2.282292366,13,10,100,0,0,1,0,0
955,1980,2.070805311,12,4,16,1,0,0,0,0
955,1981,1.988927484,12,5,25,1,0,0,0,0
955,1982,1.978185415,12,6,36,1,0,0,0,0
955,1983,2.088315487,12,7,49,1,0,0,0,0
955,1984,2.128833532,12,8,64,1,0,0,0,0
955,1985,2.207794428,12,9,81,1,0,0,0,0
955,1986,2.475409031,12,10,100,1,0,0,0,0
955,1987,2.217753887,12,11,121,1,0,0,0,0
965,1980,1.417540312,12,5,25,0,0,0,0,0
965,1981,1.478101969,12,6,36,0,0,0,0,0
965,1982,1.384883642,12,7,49,0,0,0,0,0
965,1983,1.517770767,12,8,64,0,0,0,0,0
965,1984,1.427654147,12,9,81,0,0,1,0,0
965,1985,1.44053936,12,10,100,0,0,1,0,0
965,1986,1.420471787,12,11,121,0,0,1,0,0
965,1987,1.381505847,12,12,144,0,0,1,0,0
996,1980,1.557642698,11,2,4,0,0,1,0,0
996,1981,1.482438207,11,3,9,0,0,1,0,0
996,1982,1.244216204,11,4,16,0,0,1,0,0
996,1983,0.720826745,11,5,25,0,0,1,0,0
996,1984,0.8070776463,11,6,36,0,0,1,0,0
996,1985,0.8231040239,11,7,49,0,0,1,0,0
996,1986,1.109035611,11,8,64,0,0,1,0,0
996,1987,2.238643646,11,9,81,0,0,1,0,0
1007,1980,1.447999597,12,4,16,0,0,0,0,0
1007,1981,1.7525388,12,5,25,0,0,0,0,0
1007,1982,1.547402501,12,6,36,0,0,0,0,0
1007,1983,2.043863773,12,7,49,0,0,0,0,0
1007,1984,2.152143717,12,8,64,0,0,0,0,0
1007,1985,2.267217875,12,9,81,0,0,0,0,0
1007,1986,2.747342825,12,10,100,0,0,1,0,0
1007,1987,2.577179909,12,11,121,0,0,1,0,0
1054,1980,0.7246636748,10,3,9,0,0,0,0,0
1054,1981,1.794262648,10,4,16,0,0,0,0,0
1054,1982,1.161927581,10,5,25,0,0,0,0,0
1054,1983,1.459600091,10,6,36,0,0,1,0,0
1054,1984,1.028219938,10,7,49,0,0,1,0,0
1054,1985,1.303338289,10,8,64,0,0,1,0,0
1054,1986,1.649884939,10,9,81,0,0,1,0,0
1054,1987,1.309185147,10,10,100,1,0,1,0,0
1064,1980,1.903118253,12,4,16,0,0,1,0,0
1064,1981,2.021070957,12,5,25,0,0,1,0,0
1064,1982,1.895427704,12,6,36,0,0,1,0,0
1064,1983,2.122506857,12,7,49,0,0,1,0,0
1064,1984,1.880372167,12,8,64,0,0,1,0,0
1064,1985,1.992477417,12,9,81,0,0,1,0,0
1064,1986,1.964025378,12,10,100,0,0,1,0,0
1064,1987,1.929471016,12,11,121,0,0,1,0,0
1081,1980,1.08799684,10,2,4,0,0,0,0,0
1081,1981,1.249144554,10,3,9,0,0,0,0,0
1081,1982,1.547402501,10,4,16,0,0,0,0,0
1081,1983,1.351703405,10,5,25,0,0,0,0,0
1081,1984,1.426116824,10,6,36,0,0,0,0,0
1081,1985,1.056600571,10,7,49,0,0,0,0,0
1081,1986,1.264222503,10,8,64,0,0,0,0,0
1081,1987,2.000009537,10,9,81,0,0,0,0,0
1085,1980,1.887123942,12,1,1,0,0,0,0,0
1085,1981,1.481521249,12,2,4,0,0,0,0,0
1085,1982,1.21764195,12,3,9,0,0,0,0,0
1085,1983,0.7375861406,12,4,16,0,0,0,0,0
1085,1984,1.288773298,12,5,25,0,0,1,0,0
1085,1985,1.073505759,12,6,36,0,0,1,0,0
1085,1986,1.317172289,12,7,49,0,0,1,0,0
1085,1987,2.017049551,12,8,64,0,0,0,0,0
1091,1980,1.111002922,9,6,36,1,0,0,0,0
1091,1981,1.162092566,9,7,49,0,0,1,0,0
1091,1982,1.061894655,9,8,64,1,0,1,0,0
1091,1983,1.127573133,9,9,81,0,0,1,0,0
1091,1984,1.189180017,9,10,100,0,0,1,0,0
1091,1985,1.22279501,9,11,121,1,0,1,0,0
1091,1986,1.164667487,9,12,144,0,0,1,0,0
1091,1987,1.395894527,9,13,169,0,0,1,0,0
1094,1980,1.342639089,12,3,9,0,0,1,0,0
1094,1981,1.406497121,12,4,16,0,0,1,0,0
1094,1982,1.529702902,12,5,25,0,0,1,0,0
1094,1983,1.757596731,12,6,36,0,0,1,0,0
1094,1984,1.905689955,12,7,49,0,0,1,0,0
1094,1985,1.966231942,12,8,64,0,0,1,0,0
1094,1986,2.140417099,12,9,81,0,0,1,0,0
1094,1987,2.175559282,12,10,100,0,0,1,0,0
1096,1980,1.26407671,11,6,36,0,0,0,0,0
1096,1981,1.278080821,11,7,49,0,0,0,0,0
1096,1982,0.9997629523,11,8,64,0,0,0,0,0
1096,1983,0.9654240608,11,9,81,0,0,0,0,0
1096,1984,1.028619885,11,10,100,0,0,0,0,0
1096,1985,1.012998343,11,11,121,0,0,0,0,0
1096,1986,1.284339666,11,12,144,0,0,1,0,0
1096,1987,1.408174038,11,13,169,1,0,1,0,0
1098,1980,1.551967859,14,1,1,0,0,0,0,0
1098,1981,2.128231764,14,2,4,0,0,0,0,0
1098,1982,2.757775784,14,3,9,0,0,0,0,0
1098,1983,1.509607434,14,4,16,0,0,0,0,0
1098,1984,1.933386207,14,5,25,0,0,0,0,0
1098,1985,2.277675867,14,6,36,0,0,0,0,0
1098,1986,2.265224457,14,7,49,0,0,0,0,0
1098,1987,2.282758713,14,8,64,0,0,1,0,0
1102,1980,0.8810845017,13,3,9,0,0,0,0,0
1102,1981,2.040220737,13,4,16,0,0,0,0,0
1102,1982,1.833003402,13,5,25,0,0,0,0,0
1102,1983,1.774200201,13,6,36,0,0,0,0,0
1102,1984,1.822308302,13,7,49,0,0,0,0,0
1102,1985,2.657274485,13,8,64,0,0,0,0,0
1102,1986,2.77462697,13,9,81,0,0,0,0,0
1102,1987,2.851785898,13,10,100,0,0,0,0,0
1107,1980,1.543309689,12,5,25,0,0,0,0,0
1107,1981,1.570217252,12,6,36,0,0,1,0,0
1107,1982,1.656601787,12,7,49,0,0,1,0,0
1107,1983,1.660871625,12,8,64,0,0,1,0,0
1107,1984,2.001000166,12,9,81,0,0,1,0,0
1107,1985,1.871322274,12,10,100,0,0,1,0,0
1107,1986,1.890475392,12,11,121,0,0,1,0,0
1107,1987,2.035432339,12,12,144,0,0,1,0,0
1142,1980,1.413112283,14,2,4,0,0,0,0,1
1142,1981,1.667773485,14,3,9,0,0,0,0,1
1142,1982,1.922096014,14,4,16,0,0,0,0,1
1142,1983,1.741373897,14,5,25,0,0,0,0,1
1142,1984,2.011050463,14,6,36,0,0,0,0,1
1142,1985,2.223542929,14,7,49,0,0,1,0,1
1142,1986,2.088562489,14,8,64,0,0,1,0,1
1142,1987,2.34130764,14,9,81,0,0,1,0,1
1156,1980,1.302817583,12,5,25,0,0,0,1,0
1156,1981,1.330724478,12,6,36,0,0,0,1,0
1156,1982,1.299566388,12,7,49,0,0,0,1,0
1156,1983,1.631099463,12,8,64,0,0,0,1,0
1156,1984,1.659153461,12,9,81,0,0,0,1,0
1156,1985,1.648178697,12,10,100,0,0,0,1,0
1156,1986,1.554003239,12,11,121,0,0,0,1,0
1156,1987,1.93374753,12,12,144,0,0,0,1,0
1180,1980,1.853464723,13,2,4,0,0,0,0,0
1180,1981,1.609437943,13,3,9,0,0,0,0,0
1180,1982,1.690503359,13,4,16,1,0,0,0,0
1180,1983,1.537495255,13,5,25,1,0,0,0,0
1180,1984,2.041054487,13,6,36,0,0,1,0,0
1180,1985,1.920112491,13,7,49,0,0,1,0,0
1180,1986,2.113619089,13,8,64,0,0,1,0,0
1180,1987,2.217753887,13,9,81,0,0,1,0,0
1190,1980,1.510342717,12,2,4,0,0,0,1,0
1190,1981,1.510857105,12,3,9,0,0,0,1,0
1190,1982,1.061894655,12,4,16,0,0,0,1,0
1190,1983,1.350716591,12,5,25,0,0,0,1,0
1190,1984,1.21604538,12,6,36,0,0,0,1,0
1190,1985,1.173910737,12,7,49,0,0,0,1,0
1190,1986,1.340429068,12,8,64,0,0,0,1,0
1190,1987,1.381505847,12,9,81,0,0,1,1,0
1204,1980,1.622382283,8,5,25,0,0,0,0,0
1204,1981,1.7525388,8,6,36,1,0,0,0,0
1204,1982,1.934755921,8,7,49,1,0,0,0,0
1204,1983,1.778595328,8,8,64,1,0,0,0,0
1204,1984,1.868610978,8,9,81,1,0,0,0,0
1204,1985,2.011084318,8,10,100,1,0,0,0,0
1204,1986,2.251372337,8,11,121,1,0,0,0,0
1204,1987,2.250543594,8,12,144,1,0,0,0,0
1249,1980,1.530746579,11,5,25,0,0,0,0,0
1249,1981,1.339992881,11,6,36,0,0,1,0,0
1249,1982,1.659569144,11,7,49,0,0,0,0,0
1249,1983,1.383422613,11,8,64,0,0,1,0,0
1249,1984,1.5115062,11,9,81,0,0,1,0,0
1249,1985,1.425035238,11,10,100,0,0,0,0,0
1249,1986,1.443959832,11,11,121,0,0,1,0,0
1249,1987,1.444379091,11,12,144,0,0,0,0,0
1272,1980,1.750865817,12,3,9,0,0,1,0,0
1272,1981,1.832376361,12,4,16,0,0,0,0,0
1272,1982,1.755041838,12,5,25,1,0,0,0,0
1272,1983,1.782105446,12,6,36,0,0,0,0,0
1272,1984,1.721767068,12,7,49,0,0,0,0,0
1272,1985,1.73331058,12,8,64,1,1,0,0,0
1272,1986,1.764681578,12,9,81,0,1,1,0,0
1272,1987,1.907598972,12,10,100,0,1,1,0,0
1311,1980,0.5567800999,15,2,4,0,0,0,0,0
1311,1981,1.554713011,15,3,9,0,0,0,0,0
1311,1982,1.68683362,15,4,16,0,0,0,0,0
1311,1983,1.644792795,15,5,25,0,0,0,0,0
1311,1984,2.212790012,15,6,36,0,0,0,0,0
1311,1985,1.894876838,15,7,49,0,0,0,0,0
1311,1986,1.79108274,15,8,64,0,0,0,0,0
1311,1987,2.058709383,15,9,81,0,0,0,0,0
1316,1980,1.543309689,8,4,16,0,0,0,0,0
1316,1981,1.689480662,8,5,25,0,0,0,0,0
1316,1982,1.877644181,8,6,36,0,0,1,0,0
1316,1983,2.589254379,8,7,49,0,0,1,0,0
1316,1984,2.738599062,8,8,64,0,0,1,0,0
1316,1985,1.861752868,8,9,81,0,0,1,0,0
1316,1986,1.911142111,8,10,100,0,0,1,0,0
1316,1987,1.907598972,8,11,121,0,0,1,0,0
1318,1980,1.059776306,8,8,64,0,0,0,0,0
1318,1981,1.467701674,8,9,81,0,0,0,0,0
1318,1982,1.339763165,8,10,100,0,0,0,0,0
1318,1983,1.29462719,8,11,121,0,0,0,0,0
1318,1984,1.251763463,8,12,144,0,0,0,0,0
1318,1985,1.332202554,8,13,169,0,0,0,0,0
1318,1986,1.285940886,8,14,196,0,0,0,0,0
1318,1987,1.286195636,8,15,225,0,0,0,0,0
1345,1980,1.764698148,12,4,16,0,0,0,0,0
1345,1981,-0.7239188552,12,5,25,0,0,1,0,0
1345,1982,1.890843391,12,6,36,0,0,1,0,0
1345,1983,2.088315487,12,7,49,0,0,1,0,0
1345,1984,2.206275463,12,8,64,0,0,1,0,0
1345,1985,2.15900445,12,9,81,0,0,1,0,0
1345,1986,2.221297026,12,10,100,0,0,1,0,0
1345,1987,1.583854198,12,11,121,0,0,1,0,0
1397,1980,1.77008307,12,5,25,1,0,0,0,0
1397,1981,1.601715922,12,6,36,1,0,0,0,0
1397,1982,1.547402501,12,7,49,1,0,0,0,0
1397,1983,1.786034703,12,8,64,1,0,0,0,0
1397,1984,1.682546377,12,9,81,1,0,0,0,0
1397,1985,1.720499396,12,10,100,1,0,0,0,0
1397,1986,1.799961448,12,11,121,1,0,0,0,0
1397,1987,1.760995507,12,12,144,1,0,0,0,0
1434,1980,0.2062864304,10,2,4,0,0,0,0,0
1434,1981,1.121049643,10,3,9,0,0,1,0,0
1434,1982,1.086117387,10,4,16,1,0,1,0,0
1434,1983,1.268914819,10,5,25,1,0,1,0,0
1434,1984,1.099372625,10,6,36,1,0,1,0,0
1434,1985,1.345229149,10,7,49,1,0,1,0,0
1434,1986,1.900044918,10,8,64,0,0,1,0,0
1434,1987,1.515391827,10,9,81,0,0,1,0,0
1492,1980,2.036455393,13,4,16,0,0,0,0,0
1492,1981,1.142368317,13,5,25,0,0,0,0,0
1492,1982,1.378535867,13,6,36,0,0,0,0,0
1492,1983,1.47375381,13,7,49,0,0,1,0,0
1492,1984,1.474907041,13,8,64,0,0,0,0,0
1492,1985,1.416282415,13,9,81,0,0,1,0,0
1492,1986,1.498433352,13,10,100,0,0,1,0,0
1492,1987,1.500852585,13,11,121,0,0,1,0,0
1496,1980,1.178336024,12,1,1,1,0,0,0,0
1496,1981,1.087287188,12,2,4,1,0,0,0,0
1496,1982,0.007734179497,12,3,9,0,0,0,0,0
1496,1983,0.7967049479,12,4,16,0,0,0,0,0
1496,1984,1.037228346,12,5,25,0,0,0,0,0
1496,1985,1.208374143,12,6,36,0,0,0,0,0
1496,1986,1.204458833,12,7,49,0,0,0,0,0
1496,1987,1.85708046,12,8,64,0,0,0,0,0
1506,1980,0.974396646,12,3,9,0,0,0,0,0
1506,1981,2.465104103,12,4,16,0,0,0,0,0
1506,1982,1.05503571,12,5,25,0,0,0,0,0
1506,1983,1.142764807,12,6,36,0,0,0,0,0
1506,1984,1.012746572,12,7,49,0,0,0,0,0
1506,1985,1.072814584,12,8,64,0,0,0,0,0
1506,1986,1.059984684,12,9,81,0,0,0,0,0
1506,1987,0.9269266725,12,10,100,0,0,0,0,0
1515,1980,1.033779383,10,2,4,0,0,0,0,0
1515,1981,1.292640924,10,3,9,1,0,0,0,0
1515,1982,1.314466357,10,4,16,0,0,0,0,0
1515,1983,1.258214831,10,5,25,0,0,0,0,0
1515,1984,1.64727819,10,6,36,0,0,0,0,0
1515,1985,1.765961766,10,7,49,0,0,0,0,0
1515,1986,1.799961448,10,8,64,0,0,0,0,0
1515,1987,1.810687423,10,9,81,0,0,1,0,0
1520,1980,1.375922918,12,5,25,1,0,1,1,0
1520,1981,1.353907824,12,6,36,1,0,1,1,0
1520,1982,1.349576831,12,7,49,0,0,1,1,0
1520,1983,1.351197481,12,8,64,0,0,1,1,0
1520,1984,1.370305777,12,9,81,0,0,1,1,0
1520,1985,1.401318669,12,10,100,0,0,1,1,0
1520,1986,1.580542803,12,11,121,0,0,1,1,0
1520,1987,1.635994911,12,12,144,1,0,1,1,0
1528,1980,0.97889781,10,4,16,1,0,0,1,0
1528,1981,1.241713166,10,5,25,0,0,0,1,0
1528,1982,1.259720445,10,6,36,0,0,0,1,0
1528,1983,1.032262921,10,7,49,0,0,0,1,0
1528,1984,1.196193576,10,8,64,0,0,0,1,0
1528,1985,1.168104529,10,9,81,0,0,0,1,0
1528,1986,1.366404533,10,10,100,0,0,0,1,0
1528,1987,1.398312926,10,11,121,0,0,0,1,0
1554,1980,1.311867356,12,2,4,0,0,0,0,0
1554,1981,1.222664952,12,3,9,0,0,1,0,0
1554,1982,1.408866644,12,4,16,1,0,1,0,0
1554,1983,1.574341059,12,5,25,0,0,1,0,0
1554,1984,1.455858827,12,6,36,0,0,1,0,0
1554,1985,1.874824882,12,7,49,0,0,1,0,0
1554,1986,1.87394619,12,8,64,0,0,1,0,0
1554,1987,1.733726382,12,9,81,0,0,1,0,0
1575,1980,1.576051474,13,3,9,0,0,0,0,0
1575,1981,1.742017388,13,4,16,0,0,1,0,0
1575,1982,1.778826833,13,5,25,0,0,1,0,0
1575,1983,1.87116158,13,6,36,0,0,1,0,0
1575,1984,1.656395555,13,7,49,0,0,1,0,0
1575,1985,1.783029675,13,8,64,0,0,1,0,0
1575,1986,1.594825149,13,9,81,0,0,1,0,0
1575,1987,1.9950912,13,10,100,0,0,1,0,0
1576,1980,1.324701309,11,2,4,0,0,1,0,0
1576,1981,1.347073674,11,3,9,0,0,1,0,0
1576,1982,1.562669992,11,4,16,0,0,1,0,0
1576,1983,3.200689077,11,5,25,0,0,1,0,0
1576,1984,1.838300943,11,6,36,0,0,1,0,0
1576,1985,1.870448589,11,7,49,0,0,0,0,0
1576,1986,0.8257647157,11,8,64,0,0,0,0,0
1576,1987,1.844714403,11,9,81,0,0,0,0,0
1628,1980,1.176472902,12,3,9,0,0,0,0,0
1628,1981,1.324258924,12,4,16,0,0,0,0,0
1628,1982,1.235966325,12,5,25,0,0,0,0,0
1628,1983,1.592994094,12,6,36,0,0,0,0,0
1628,1984,1.725366354,12,7,49,0,1,0,0,0
1628,1985,1.82002902,12,8,64,0,1,0,0,0
1628,1986,1.836141109,12,9,81,0,1,0,0,0
1628,1987,1.861078978,12,10,100,0,1,0,0,0
1641,1980,2.111690521,12,4,16,0,0,0,0,1
1641,1981,2.170552254,12,5,25,0,0,1,0,1
1641,1982,2.134839296,12,6,36,0,0,1,0,1
1641,1983,2.072430134,12,7,49,0,0,1,0,1
1641,1984,2.040540934,12,8,64,0,0,1,0,1
1641,1985,2.01895833,12,9,81,0,0,1,0,1
1641,1986,2.167382479,12,10,100,0,0,1,0,1
1641,1987,1.873488426,12,11,121,0,0,1,0,1
1644,1980,0.5609791875,12,1,1,1,0,0,0,1
1644,1981,1.546365261,12,2,4,0,0,0,0,1
1644,1982,1.531898379,12,3,9,0,0,0,0,1
1644,1983,1.591878653,12,4,16,0,0,0,0,1
1644,1984,1.685167909,12,5,25,0,0,0,0,1
1644,1985,1.648178697,12,6,36,0,0,0,0,1
1644,1986,1.565979362,12,7,49,0,0,0,0,1
1644,1987,2.068422556,12,8,64,0,0,1,0,1
1653,1980,-0.3845818937,15,2,4,1,0,0,0,0
1653,1981,1.886070132,15,3,9,1,0,0,0,0
1653,1982,1.987385154,15,4,16,1,0,0,0,0
1653,1983,2.136661053,15,5,25,1,0,0,0,0
1653,1984,1.804233789,15,6,36,1,0,0,0,0
1653,1985,2.130121469,15,7,49,0,0,0,0,0
1653,1986,2.631413221,15,8,64,0,0,0,0,0
1653,1987,2.793118,15,9,81,0,0,0,0,0
1654,1980,1.62484169,11,4,16,0,0,0,0,0
1654,1981,1.616872907,11,5,25,0,0,0,0,0
1654,1982,1.429619431,11,6,36,0,0,0,0,0
1654,1983,1.73645997,11,7,49,0,0,0,0,0
1654,1984,1.716041565,11,8,64,0,0,0,0,0
1654,1985,1.809021235,11,9,81,0,0,1,0,0
1654,1986,1.799961448,11,10,100,0,0,1,0,0
1654,1987,2.183852434,11,11,121,0,0,1,0,0
1721,1980,1.78447175,11,5,25,0,0,0,0,1
1721,1981,1.934860349,11,6,36,1,0,0,0,1
1721,1982,2.026975632,11,7,49,0,0,0,0,1
1721,1983,2.109821796,11,8,64,0,0,0,0,1
1721,1984,2.128833532,11,9,81,0,0,0,0,1
1721,1985,2.094465733,11,10,100,1,0,0,0,1
1721,1986,2.256719828,11,11,121,0,0,0,0,1
1721,1987,2.91090107,11,12,144,0,0,0,0,1
1742,1980,1.461624742,12,2,4,1,0,0,0,0
1742,1981,1.682905078,12,3,9,1,0,0,0,0
1742,1982,1.872824907,12,4,16,0,0,1,0,0
1742,1983,2.043863773,12,5,25,0,0,1,0,0
1742,1984,2.350375652,12,6,36,0,0,0,0,0
1742,1985,2.387135506,12,7,49,0,0,0,0,0
1742,1986,2.410870552,12,8,64,0,0,0,0,0
1742,1987,2.480118036,12,9,81,0,0,0,0,0
1744,1980,1.630321145,11,2,4,1,0,0,0,0
1744,1981,1.683545828,11,3,9,1,0,0,0,0
1744,1982,1.781017423,11,4,16,1,0,0,0,0
1744,1983,1.381638527,11,5,25,1,0,0,0,0
1744,1984,2.030624151,11,6,36,1,0,0,0,0
1744,1985,1.810697675,11,7,49,1,0,0,0,0
1744,1986,2.012397528,11,8,64,1,0,0,0,0
1744,1987,2.320032835,11,9,81,1,0,0,0,0
1763,1980,0.6435002685,11,1,1,0,0,0,0,1
1763,1981,0.8979415894,11,2,4,0,0,0,0,1
1763,1982,1.278796554,11,3,9,1,0,0,0,1
1763,1983,1.335449219,11,4,16,1,0,0,0,1
1763,1984,1.526200294,11,5,25,0,0,0,0,1
1763,1985,1.434203506,11,6,36,0,0,0,0,1
1763,1986,0.06037472561,11,7,49,0,0,0,0,1
1763,1987,1.39377594,11,8,64,0,0,0,0,1
1777,1980,1.389388084,15,1,1,0,0,0,0,0
1777,1981,1.241713166,15,2,4,0,0,0,0,0
1777,1982,0.9859088063,15,3,9,0,0,0,0,0
1777,1983,1.144054294,15,4,16,0,0,1,0,0
1777,1984,1.654600501,15,5,25,0,0,1,0,0
1777,1985,1.648178697,15,6,36,1,0,0,0,0
1777,1986,1.333059907,15,7,49,1,0,0,0,0
1777,1987,1.738180757,15,8,64,0,0,0,0,0
1843,1980,2.364290237,15,2,4,0,0,1,0,0
1843,1981,2.337618113,15,3,9,0,0,1,0,0
1843,1982,2.416440487,15,4,16,0,0,1,0,0
1843,1983,2.513867378,15,5,25,0,0,1,0,0
1843,1984,2.647627354,15,6,36,0,0,1,0,0
1843,1985,2.636213303,15,7,49,0,0,1,0,0
1843,1986,2.718755245,15,8,64,0,0,1,0,0
1843,1987,2.768743992,15,9,81,0,0,1,0,0
1891,1980,0.9371739626,12,2,4,1,0,0,0,0
1891,1981,1.018830419,12,3,9,0,0,0,0,0
1891,1982,1.11995852,12,4,16,0,0,0,0,0
1891,1983,0.8383897543,12,5,25,0,0,0,0,0
1891,1984,1.246248245,12,6,36,0,0,0,0,0
1891,1985,1.197977781,12,7,49,0,0,0,0,0
1891,1986,1.25341773,12,8,64,0,0,0,0,0
1891,1987,1.301463127,12,9,81,0,0,0,0,0
1895,1980,1.654456258,13,2,4,0,0,0,0,0
1895,1981,1.589547753,13,3,9,0,0,1,0,0
1895,1982,1.748772264,13,4,16,1,1,1,0,0
1895,1983,1.870592117,13,5,25,1,1,1,0,0
1895,1984,2.05411005,13,6,36,1,0,1,0,0
1895,1985,1.903898478,13,7,49,1,1,1,0,0
1895,1986,2.083877087,13,8,64,1,1,1,0,0
1895,1987,2.282292366,13,9,81,1,1,1,0,0
1899,1980,1.447999597,12,3,9,0,0,0,0,0
1899,1981,1.241713166,12,4,16,0,0,0,0,0
1899,1982,1.380348444,12,5,25,0,0,1,0,0
1899,1983,0.9809696078,12,6,36,0,0,1,0,0
1899,1984,1.394864321,12,7,49,0,0,1,0,0
1899,1985,1.401318669,12,8,64,0,0,1,0,0
1899,1986,1.494579792,12,9,81,0,0,1,0,0
1899,1987,1.362457633,12,10,100,0,0,1,0,0
1925,1980,1.005991101,11,2,4,0,0,0,0,0
1925,1981,1.637409568,11,3,9,0,0,0,0,0
1925,1982,1.570719123,11,4,16,0,0,0,0,0
1925,1983,1.757986307,11,5,25,0,0,0,0,0
1925,1984,1.903860092,11,6,36,0,0,1,0,0
1925,1985,1.833581924,11,7,49,0,0,1,0,0
1925,1986,1.985459089,11,8,64,0,0,1,0,0
1925,1987,1.948571205,11,9,81,0,0,1,0,0
1930,1980,1.074007511,11,2,4,0,0,0,0,0
1930,1981,0.9667620063,11,3,9,0,0,0,0,0
1930,1982,1.324258924,11,4,16,0,0,0,0,0
1930,1983,0.5606579781,11,5,25,0,0,0,0,0
1930,1984,1.682546377,11,6,36,0,0,0,0,0
1930,1985,1.858743548,11,7,49,0,0,0,0,0
1930,1986,1.991016626,11,8,64,0,0,0,0,0
1930,1987,2.148761034,11,9,81,0,0,1,0,0
1961,1980,1.166015506,12,4,16,0,0,1,0,0
1961,1981,1.862028718,12,5,25,0,0,1,0,0
1961,1982,1.850352049,12,6,36,0,0,1,0,0
1961,1983,1.83412075,12,7,49,0,0,1,0,0
1961,1984,1.928381324,12,8,64,0,0,1,0,0
1961,1985,1.85984993,12,9,81,0,0,1,0,0
1961,1986,2.009258986,12,10,100,0,0,1,0,0
1961,1987,2.29861927,12,11,121,0,0,1,0,0
1963,1980,1.508624196,11,2,4,0,0,0,0,0
1963,1981,1.506138325,11,3,9,0,0,0,0,0
1963,1982,1.914808035,11,4,16,0,0,1,0,0
1963,1983,1.819908619,11,5,25,0,0,1,0,0
1963,1984,1.693128467,11,6,36,0,0,1,0,0
1963,1985,1.682080269,11,7,49,0,0,1,0,0
1963,1986,1.715822101,11,8,64,0,0,1,0,0
1963,1987,1.747149467,11,9,81,0,0,1,0,0
1979,1980,2.023541689,12,4,16,1,0,1,0,0
1979,1981,2.00429368,12,5,25,1,0,0,0,0
1979,1982,1.861060023,12,6,36,1,0,0,0,0
1979,1983,2.071156025,12,7,49,1,0,0,0,0
1979,1984,1.99527669,12,8,64,1,0,1,0,0
1979,1985,1.991968989,12,9,81,1,0,1,0,0
1979,1986,2.021503687,12,10,100,1,0,1,0,0
1979,1987,1.997938156,12,11,121,1,0,1,0,0
1988,1980,-0.2473807782,12,2,4,0,0,0,0,0
1988,1981,2.283536911,12,3,9,0,0,0,0,0
1988,1982,1.294700146,12,4,16,1,0,0,0,0
1988,1983,1.150045991,12,5,25,0,0,0,0,0
1988,1984,1.571050882,12,6,36,0,0,0,0,0
1988,1985,-0.7426989675,12,7,49,0,0,0,0,0
1988,1986,1.851254702,12,8,64,0,0,0,0,0
1988,1987,1.97287035,12,9,81,0,0,0,0,0
2000,1980,1.904955506,11,3,9,1,0,0,0,0
2000,1981,1.879262328,11,4,16,0,0,0,0,0
2000,1982,1.746195674,11,5,25,1,0,1,0,0
2000,1983,2.09313488,11,6,36,0,0,1,0,0
2000,1984,1.844763756,11,7,49,0,0,1,0,0
2000,1985,1.678162217,11,8,64,0,0,1,0,0
2000,1986,1.765621901,11,9,81,0,0,1,0,0
2000,1987,1.759842277,11,10,100,1,0,1,0,0
2014,1980,2.359059334,12,2,4,1,0,0,0,0
2014,1981,1.923095465,12,3,9,0,0,0,0,0
2014,1982,1.404926896,12,4,16,0,0,0,0,0
2014,1983,0.7995498776,12,5,25,0,0,0,0,0
2014,1984,1.314082265,12,6,36,0,0,0,0,0
2014,1985,1.261347771,12,7,49,0,0,0,0,0
2014,1986,1.498433352,12,8,64,0,0,0,0,0
2014,1987,1.550128579,12,9,81,0,0,0,0,0
2025,1980,1.483892441,13,2,4,0,0,0,0,0
2025,1981,1.233988643,13,3,9,0,0,1,0,0
2025,1982,1.532616496,13,4,16,0,0,1,0,0
2025,1983,1.658470631,13,5,25,0,0,1,0,0
2025,1984,1.816277623,13,6,36,0,0,1,0,0
2025,1985,2.015903473,13,7,49,0,0,1,0,0
2025,1986,2.356571913,13,8,64,0,0,1,0,0
2025,1987,1.316654921,13,9,81,1,0,1,0,0
2038,1980,0.8943958282,10,2,4,0,0,0,0,0
2038,1981,1.043349624,10,3,9,0,0,0,0,0
2038,1982,1.342459679,10,4,16,0,0,0,0,0
2038,1983,1.311010599,10,5,25,0,0,0,0,0
2038,1984,1.012559056,10,6,36,0,0,0,0,0
2038,1985,1.3298738,10,7,49,0,0,0,0,0
2038,1986,1.838888049,10,8,64,0,0,0,0,0
2038,1987,2.217753887,10,9,81,0,0,0,0,0
2075,1980,2.005680323,12,5,25,1,0,1,0,0
2075,1981,1.759996533,12,6,36,1,0,1,0,0
2075,1982,1.873217463,12,7,49,1,0,1,0,0
2075,1983,1.816977262,12,8,64,0,0,1,0,0
2075,1984,1.869561195,12,9,81,0,0,1,0,0
2075,1985,2.058447123,12,10,100,0,0,1,0,0
2075,1986,2.234246969,12,11,121,0,0,1,0,0
2075,1987,2.225133896,12,12,144,0,0,1,0,0
2101,1980,2.007615328,12,3,9,0,0,0,0,0
2101,1981,2.263364315,12,4,16,0,0,0,0,0
2101,1982,2.240549803,12,5,25,0,0,0,0,0
2101,1983,2.348436594,12,6,36,1,0,0,0,0
2101,1984,2.488045216,12,7,49,0,0,0,0,0
2101,1985,2.468285561,12,8,64,1,0,0,0,0
2101,1986,2.346576214,12,9,81,1,0,1,0,0
2101,1987,2.490344763,12,10,100,0,0,1,0,0
2106,1980,1.676566482,12,4,16,1,0,0,0,0
2106,1981,1.572434306,12,5,25,1,0,0,0,0
2106,1982,1.764703751,12,6,36,1,0,0,0,0
2106,1983,1.81502223,12,7,49,1,0,1,0,0
2106,1984,1.772158504,12,8,64,1,0,1,0,0
2106,1985,1.846004486,12,9,81,1,0,1,0,0
2106,1986,1.845355034,12,10,100,1,0,1,0,0
2106,1987,1.812288761,12,11,121,1,0,1,0,0
2107,1980,1.296599865,10,2,4,0,0,0,0,0
2107,1981,1.614659905,10,3,9,0,0,0,0,0
2107,1982,1.250571251,10,4,16,1,0,0,0,0
2107,1983,1.491859317,10,5,25,1,0,0,0,0
2107,1984,1.890576243,10,6,36,0,1,1,0,0
2107,1985,1.943642974,10,7,49,0,1,1,0,0
2107,1986,2.054195642,10,8,64,0,1,1,0,0
2107,1987,2.035432339,10,9,81,0,1,1,0,0
2108,1980,1.467417598,12,2,4,0,0,0,0,0
2108,1981,1.961658478,12,3,9,1,0,0,0,0
2108,1982,2.07207346,12,4,16,1,0,1,0,0
2108,1983,2.105471134,12,5,25,1,0,1,0,0
2108,1984,2.051930904,12,6,36,1,0,1,0,0
2108,1985,2.333261251,12,7,49,1,0,1,0,0
2108,1986,2.471034288,12,8,64,1,0,1,0,0
2108,1987,2.45414257,12,9,81,1,0,1,0,0
2147,1980,-0.02108098753,11,2,4,0,0,0,0,0
2147,1981,-0.1488456279,11,3,9,0,0,0,0,0
2147,1982,0.1806952953,11,4,16,0,0,0,0,0
2147,1983,-0.03615447879,11,5,25,0,0,0,0,0
2147,1984,0.3973481357,11,6,36,0,0,0,0,0
2147,1985,0.9726212621,11,7,49,0,0,0,0,0
2147,1986,0.5630944371,11,8,64,0,0,0,0,0
2147,1987,0.7590700388,11,9,81,0,0,0,0,0
2157,1980,1.462084293,11,5,25,0,0,0,0,0
2157,1981,0.3267931938,11,6,36,0,0,1,0,0
2157,1982,1.563962221,11,7,49,0,0,1,0,0
2157,1983,1.113192558,11,8,64,0,0,1,0,0
2157,1984,1.209602714,11,9,81,1,0,1,0,0
2157,1985,1.129472136,11,10,100,0,0,1,0,0
2157,1986,1.354513884,11,11,121,0,0,1,0,0
2157,1987,0.4922437966,11,12,144,0,0,1,0,0
2163,1980,2.168267012,12,4,16,1,0,1,0,0
2163,1981,2.483169079,12,5,25,1,0,1,0,0
2163,1982,1.900223851,12,6,36,1,0,1,0,0
2163,1983,2.60296011,12,7,49,1,0,1,0,0
2163,1984,2.328792095,12,8,64,1,0,1,0,0
2163,1985,2.189775944,12,9,81,1,0,1,0,0
2163,1986,2.228549004,12,10,100,1,0,1,0,0
2163,1987,2.323114395,12,11,121,1,0,1,0,0
2173,1980,1.342639089,12,2,4,0,0,0,0,0
2173,1981,1.295780301,12,3,9,0,0,0,0,0
2173,1982,1.233744979,12,4,16,0,0,0,0,0
2173,1983,1.204113126,12,5,25,0,0,1,0,0
2173,1984,1.307852983,12,6,36,0,0,1,0,0
2173,1985,1.47827971,12,7,49,0,1,1,0,0
2173,1986,1.458212137,12,8,64,0,0,1,0,0
2173,1987,1.649769783,12,9,81,0,0,1,0,0
2180,1980,1.188704252,10,2,4,0,0,0,0,0
2180,1981,1.48573935,10,3,9,0,0,0,0,0
2180,1982,1.22340858,10,4,16,0,0,0,0,0
2180,1983,1.64744854,10,5,25,0,0,0,0,0
2180,1984,1.800329447,10,6,36,0,0,1,0,0
2180,1985,1.871322274,10,7,49,0,0,1,0,0
2180,1986,1.832206488,10,8,64,0,0,1,0,0
2180,1987,1.975562096,10,9,81,0,0,1,0,0
2183,1980,1.387374997,13,1,1,0,0,0,0,0
2183,1981,1.464856625,13,2,4,0,0,0,0,0
2183,1982,1.273565888,13,3,9,0,0,0,0,0
2183,1983,1.443047166,13,4,16,0,0,1,0,0
2183,1984,1.631253123,13,5,25,0,0,1,0,0
2183,1985,1.948283315,13,6,36,0,0,1,0,0
2183,1986,2.06208539,13,7,49,0,0,1,0,0
2183,1987,2.127762794,13,8,64,0,0,1,0,0
2216,1980,1.64645052,12,1,1,0,0,1,0,0
2216,1981,1.094869256,12,2,4,0,0,1,0,0
2216,1982,2.092913628,12,3,9,0,0,0,0,0
2216,1983,1.387717605,12,4,16,0,0,0,0,0
2216,1984,1.845065355,12,5,25,1,0,1,0,0
2216,1985,2.171426773,12,6,36,0,0,1,0,0
2216,1986,2.341966391,12,7,49,0,0,0,0,0
2216,1987,2.015887737,12,8,64,0,0,1,0,0
2220,1980,1.957223892,14,2,4,1,0,0,0,0
2220,1981,1.727465153,14,3,9,1,0,0,0,0
2220,1982,2.058228254,14,4,16,1,0,0,0,0
2220,1983,2.390386343,14,5,25,0,0,1,0,0
2220,1984,2.429760695,14,6,36,1,0,1,0,0
2220,1985,2.629008055,14,7,49,0,0,0,0,0
2220,1986,2.342639208,14,8,64,0,0,0,0,0
2220,1987,2.400075436,14,9,81,0,1,1,0,0
2227,1980,1.091324568,12,3,9,0,0,1,0,0
2227,1981,1.445717812,12,4,16,0,0,1,0,0
2227,1982,1.450552702,12,5,25,1,0,1,0,0
2227,1983,1.478549957,12,6,36,0,0,1,0,0
2227,1984,1.549015045,12,7,49,0,0,1,0,0
2227,1985,1.47827971,12,8,64,0,0,1,0,0
2227,1986,1.494579792,12,9,81,0,0,0,0,0
2227,1987,1.589145184,12,10,100,1,0,1,0,0
2264,1980,1.056437373,12,2,4,0,0,0,1,0
2264,1981,1.029619455,12,3,9,0,0,0,1,0
2264,1982,1.381417394,12,4,16,1,0,0,1,0
2264,1983,1.437728047,12,5,25,1,0,0,1,0
2264,1984,1.618007898,12,6,36,1,0,0,1,0
2264,1985,-0.5937817097,12,7,49,0,0,0,1,0
2264,1986,1.640533686,12,8,64,0,0,1,1,0
2264,1987,1.649769783,12,9,81,1,0,1,1,0
2306,1980,1.649739265,9,3,9,0,0,0,0,0
2306,1981,-0.4054650962,9,4,16,0,0,1,0,0
2306,1982,1.005805254,9,5,25,0,0,1,0,0
2306,1983,1.152693629,9,6,36,0,0,1,0,0
2306,1984,1.421092868,9,7,49,0,0,1,0,0
2306,1985,1.273485303,9,8,64,1,0,1,0,0
2306,1986,1.238150239,9,9,81,0,0,1,0,0
2306,1987,1.706928253,9,10,100,0,0,1,0,0
2312,1980,1.637381673,13,2,4,0,0,1,0,0
2312,1981,1.719438791,13,3,9,0,0,1,0,0
2312,1982,1.926892161,13,4,16,0,0,1,0,0
2312,1983,1.99213171,13,5,25,0,0,1,0,0
2312,1984,2.176564932,13,6,36,0,0,0,0,0
2312,1985,2.071103096,13,7,49,0,0,0,0,0
2312,1986,2.401301146,13,8,64,0,0,0,0,0
2312,1987,2.342916965,13,9,81,0,0,0,0,0
2314,1980,2.035786152,12,5,25,0,0,0,0,0
2314,1981,1.929380894,12,6,36,0,0,0,0,0
2314,1982,1.898800373,12,7,49,0,0,0,0,0
2314,1983,2.088315487,12,8,64,0,1,1,0,0
2314,1984,2.023473024,12,9,81,1,0,1,0,0
2314,1985,2.011084318,12,10,100,1,0,1,0,0
2314,1986,2.074398279,12,11,121,1,0,1,0,0
2314,1987,2.055234909,12,12,144,1,1,1,0,0
2329,1980,1.379098415,14,1,1,0,0,1,0,0
2329,1981,1.76317203,14,2,4,0,0,1,0,0
2329,1982,2.108060598,14,3,9,0,0,1,0,0
2329,1983,1.811384916,14,4,16,0,0,1,0,0
2329,1984,1.743170977,14,5,25,0,0,1,0,0
2329,1985,1.947356939,14,6,36,0,0,1,0,0
2329,1986,2.137335539,14,7,49,0,0,1,0,0
2329,1987,1.812896132,14,8,64,0,0,1,0,0
2335,1980,1.567888141,12,5,25,0,0,0,0,0
2335,1981,1.539057136,12,6,36,0,0,0,0,0
2335,1982,1.285038233,12,7,49,0,0,0,0,0
2335,1983,1.437728047,12,8,64,0,0,0,0,0
2335,1984,1.762589097,12,9,81,0,0,0,0,0
2335,1985,1.514647365,12,10,100,0,0,0,0,0
2335,1986,1.494579792,12,11,121,0,0,0,0,0
2335,1987,1.301463127,12,12,144,0,0,1,0,0
2341,1980,0.9020411968,11,2,4,0,0,0,0,0
2341,1981,1.078809619,11,3,9,1,0,0,0,0
2341,1982,1.562516212,11,4,16,1,0,0,0,0
2341,1983,1.844167352,11,5,25,1,0,0,0,0
2341,1984,1.905689955,11,6,36,1,0,0,0,0
2341,1985,2.062377453,11,7,49,1,0,0,0,0
2341,1986,2.166461468,11,8,64,1,0,0,0,0
2341,1987,2.360254049,11,9,81,1,0,0,0,0
2351,1980,1.224856019,11,2,4,0,0,0,1,0
2351,1981,0.9346398711,11,3,9,0,0,0,1,0
2351,1982,1.105123401,11,4,16,0,0,0,1,0
2351,1983,1.440295458,11,5,25,0,0,0,1,0
2351,1984,1.208278298,11,6,36,0,0,0,1,0
2351,1985,0.9550315738,11,7,49,0,0,0,1,0
2351,1986,1.554003239,11,8,64,0,0,0,1,0
2351,1987,1.494834542,11,9,81,0,0,0,1,0
2386,1980,1.197268009,10,2,4,1,0,0,0,1
2386,1981,0.6295856833,10,3,9,1,0,0,0,1
2386,1982,0.5838037133,10,4,16,0,0,0,0,1
2386,1983,0.9254098535,10,5,25,0,0,0,0,1
2386,1984,1.112001538,10,6,36,0,0,0,0,1
2386,1985,1.075613737,10,7,49,0,0,0,0,1
2386,1986,1.476225495,10,8,64,0,0,0,0,1
2386,1987,1.528573871,10,9,81,0,0,1,0,1
2401,1980,1.186690092,12,5,25,1,0,1,0,0
2401,1981,1.306251645,12,6,36,1,0,1,0,0
2401,1982,1.735641479,12,7,49,1,0,1,0,0
2401,1983,1.682248116,12,8,64,0,0,1,0,0
2401,1984,1.872977614,12,9,81,1,0,1,0,0
2401,1985,1.90598309,12,10,100,1,0,1,0,0
2401,1986,2.026607513,12,11,121,1,0,0,0,0
2401,1987,2.006702423,12,12,144,0,0,0,0,0
2413,1980,2.18573904,12,4,16,1,0,0,0,0
2413,1981,2.190016508,12,5,25,1,0,0,0,0
2413,1982,2.18925643,12,6,36,1,0,1,0,0
2413,1983,2.102063417,12,7,49,1,0,1,0,0
2413,1984,2.143361568,12,8,64,1,0,1,0,0
2413,1985,2.113796473,12,9,81,1,0,1,0,0
2413,1986,2.179110289,12,10,100,1,0,1,0,0
2413,1987,2.282292366,12,11,121,1,0,1,0,0
2421,1980,1.378739595,12,3,9,0,0,0,0,0
2421,1981,1.049822092,12,4,16,0,0,0,0,0
2421,1982,1.312424541,12,5,25,0,0,0,0,0
2421,1983,1.228377819,12,6,36,0,0,1,0,0
2421,1984,1.143549919,12,7,49,0,0,1,0,0
2421,1985,1.266992807,12,8,64,0,0,1,0,0
2421,1986,1.126232386,12,9,81,0,0,1,0,0
2421,1987,1.067848325,12,10,100,0,0,1,0,0
2445,1980,1.462527633,12,4,16,1,0,1,0,0
2445,1981,1.547506928,12,5,25,0,0,0,0,0
2445,1982,1.335057855,12,6,36,0,0,1,0,0
2445,1983,1.219329476,12,7,49,0,0,1,0,0
2445,1984,1.47832191,12,8,64,0,0,1,0,0
2445,1985,2.021294355,12,9,81,0,0,1,0,0
2445,1986,1.734704137,12,10,100,0,0,1,0,0
2445,1987,1.785409689,12,11,121,0,0,1,0,0
2451,1980,1.602150202,12,2,4,0,0,1,0,0
2451,1981,1.634755731,12,3,9,0,0,1,0,0
2451,1982,1.739293575,12,4,16,0,0,1,0,0
2451,1983,1.781120658,12,5,25,0,0,1,0,0
2451,1984,1.805086613,12,6,36,0,0,1,0,0
2451,1985,2.09965682,12,7,49,0,0,1,0,0
2451,1986,2.066472292,12,8,64,0,0,1,0,0
2451,1987,1.930071831,12,9,81,0,0,1,0,0
2494,1980,0.3398260772,13,4,16,0,0,0,0,0
2494,1981,0.7121953964,13,5,25,0,0,1,0,0
2494,1982,1.144321203,13,6,36,1,1,1,0,0
2494,1983,0.9807901382,13,7,49,0,1,1,0,0
2494,1984,1.58879137,13,8,64,1,1,1,0,0
2494,1985,1.821450472,13,9,81,1,1,1,0,0
2494,1986,1.964917898,13,10,100,1,1,1,0,0
2494,1987,1.989130855,13,11,121,1,1,1,0,0
2508,1980,1.918003201,13,3,9,0,0,0,0,0
2508,1981,1.847848892,13,4,16,0,0,1,0,0
2508,1982,1.973172903,13,5,25,0,0,1,0,0
2508,1983,2.101274729,13,6,36,0,0,1,0,0
2508,1984,2.04545188,13,7,49,0,0,1,0,0
2508,1985,2.110339165,13,8,64,0,0,1,0,0
2508,1986,2.087185621,13,9,81,0,0,1,0,0
2508,1987,2.076887608,13,10,100,0,0,1,0,0
2535,1980,1.711226225,12,4,16,1,0,1,0,0
2535,1981,1.655593634,12,5,25,1,0,1,0,0
2535,1982,1.680933952,12,6,36,0,0,1,0,0
2535,1983,1.562670588,12,7,49,0,0,1,0,0
2535,1984,1.641203403,12,8,64,0,0,1,0,0
2535,1985,1.535849571,12,9,81,0,0,1,0,0
2535,1986,1.563572645,12,10,100,1,0,1,0,0
2535,1987,1.61899817,12,11,121,0,0,1,0,0
2540,1980,0.9486405253,10,2,4,0,0,0,0,0
2540,1981,1.06738615,10,3,9,0,0,0,0,0
2540,1982,1.275468826,10,4,16,1,0,0,0,0
2540,1983,1.219725847,10,5,25,0,0,0,0,0
2540,1984,1.069441915,10,6,36,0,0,0,0,0
2540,1985,1.244687915,10,7,49,0,0,1,0,0
2540,1986,1.030274153,10,8,64,0,0,1,0,0
2540,1987,1.44160974,10,9,81,0,0,1,0,0
2685,1980,1.840041637,13,2,4,0,0,0,0,0
2685,1981,1.798149228,13,3,9,0,0,0,0,0
2685,1982,2.098899126,13,4,16,0,0,0,0,0
2685,1983,2.267007351,13,5,25,0,0,0,0,0
2685,1984,2.369423866,13,6,36,0,0,0,0,0
2685,1985,2.39605093,13,7,49,0,0,0,0,0
2685,1986,2.452834606,13,8,64,0,0,0,0,0
2685,1987,2.577756643,13,9,81,0,0,0,0,0
2711,1980,1.219386578,12,2,4,1,0,1,0,0
2711,1981,1.295188785,12,3,9,0,0,1,0,0
2711,1982,1.039369226,12,4,16,1,0,0,0,0
2711,1983,1.115515947,12,5,25,0,0,0,0,0
2711,1984,1.233050704,12,6,36,1,0,0,0,0
2711,1985,1.36049664,12,7,49,0,0,1,0,0
2711,1986,1.570746899,12,8,64,0,0,0,0,0
2711,1987,1.589145184,12,9,81,1,0,0,0,0
2718,1980,2.14114666,11,3,9,1,0,1,1,0
2718,1981,2.15615654,11,4,16,1,0,1,1,0
2718,1982,2.262211084,11,5,25,1,0,0,1,0
2718,1983,2.285025835,11,6,36,1,0,0,1,0
2718,1984,2.436318159,11,7,49,1,0,0,1,0
2718,1985,2.309577227,11,8,64,1,0,0,1,0
2718,1986,2.352030039,11,9,81,1,0,0,1,0
2718,1987,2.313064098,11,10,100,1,0,0,1,0
2721,1980,1.543309689,9,6,36,0,0,1,0,0
2721,1981,1.562185049,9,7,49,0,0,1,0,0
2721,1982,1.502950788,9,8,64,1,0,1,0,0
2721,1983,0.880941987,9,9,81,0,0,1,0,0
2721,1984,0.2311127186,9,10,100,1,0,1,0,0
2721,1985,1.20086658,9,11,121,0,0,1,0,0
2721,1986,0.9096462131,9,12,144,0,0,1,0,0
2721,1987,1.02070117,9,13,169,0,0,1,0,0
2733,1980,0.7548524141,12,4,16,0,0,0,1,0
2733,1981,1.088661909,12,5,25,0,0,0,1,0
2733,1982,1.017158866,12,6,36,1,0,1,1,0
2733,1983,0.9897032976,12,7,49,0,0,1,1,0
2733,1984,1.010018468,12,8,64,1,0,1,1,0
2733,1985,1.05376637,12,9,81,0,0,1,1,0
2733,1986,0.9250136614,12,10,100,0,0,1,1,0
2733,1987,0.902428925,12,11,121,0,0,1,1,0
2741,1980,1.447999597,12,5,25,0,0,1,0,0
2741,1981,1.347073674,12,6,36,0,0,1,0,0
2741,1982,1.285038233,12,7,49,0,0,1,0,0
2741,1983,1.350716591,12,8,64,0,0,1,0,0
2741,1984,1.43568635,12,9,81,1,0,1,0,0
2741,1985,1.44053936,12,10,100,0,0,1,0,0
2741,1986,1.628111124,12,11,121,0,0,1,0,0
2741,1987,1.67875731,12,12,144,0,0,1,0,0
2745,1980,1.788325429,12,3,9,0,0,0,0,0
2745,1981,1.683545828,12,4,16,1,0,0,0,0
2745,1982,1.872824907,12,5,25,0,0,0,0,0
2745,1983,1.660871625,12,6,36,0,0,1,0,0
2745,1984,1.618007898,12,7,49,0,0,1,0,0
2745,1985,1.648178697,12,8,64,0,0,1,0,0
2745,1986,1.688735843,12,9,81,0,0,0,0,0
2745,1987,1.760995507,12,10,100,0,0,0,0,0
2751,1980,1.602150202,12,4,16,1,0,0,1,0
2751,1981,1.570217252,12,5,25,0,0,1,1,0
2751,1982,1.667688727,12,6,36,1,0,1,1,0
2751,1983,1.35486722,12,7,49,1,0,1,1,0
2751,1984,1.51870966,12,8,64,1,0,1,1,0
2751,1985,1.514647365,12,9,81,1,0,1,1,0
2751,1986,1.745894194,12,10,100,0,0,1,1,0
2751,1987,1.952050686,12,11,121,1,0,1,1,0
2774,1980,1.978627801,14,3,9,0,0,1,0,0
2774,1981,2.14907527,14,4,16,0,0,1,0,0
2774,1982,2.297708035,14,5,25,0,0,1,0,0
2774,1983,2.085754871,14,6,36,0,0,1,0,0
2774,1984,2.186403275,14,7,49,0,0,1,0,0
2774,1985,2.011084318,14,8,64,0,0,1,0,0
2774,1986,2.03357625,14,9,81,0,0,1,0,0
2774,1987,1.907598972,14,10,100,0,0,1,0,0
2801,1980,1.109545112,10,2,4,1,0,0,0,0
2801,1981,1.281934381,10,3,9,0,0,1,0,0
2801,1982,1.253878117,10,4,16,0,0,1,0,0
2801,1983,1.265068412,10,5,25,0,0,0,0,0
2801,1984,1.26133287,10,6,36,0,0,0,0,0
2801,1985,1.273736119,10,7,49,0,0,1,0,0
2801,1986,1.37168169,10,8,64,0,0,1,0,0
2801,1987,1.524296522,10,9,81,1,0,1,0,0
2813,1980,0.6240821481,13,2,4,0,0,1,0,0
2813,1981,1.261551499,13,3,9,0,0,1,0,0
2813,1982,1.627618909,13,4,16,0,0,1,0,0
2813,1983,1.622289896,13,5,25,0,0,1,0,0
2813,1984,1.620272875,13,6,36,0,0,1,0,0
2813,1985,1.595732212,13,7,49,0,0,1,0,0
2813,1986,1.71772337,13,8,64,0,0,1,0,0
2813,1987,1.631644011,13,9,81,0,0,1,0,0
2833,1980,1.891334891,12,2,4,0,0,1,0,0
2833,1981,1.788906455,12,3,9,0,0,1,0,0
2833,1982,1.835084558,12,4,16,0,0,1,0,0
2833,1983,1.887906313,12,5,25,0,0,1,0,0
2833,1984,1.84700644,12,6,36,0,0,1,0,0
2833,1985,1.888943911,12,7,49,0,0,1,0,0
2833,1986,1.922810793,12,8,64,0,0,1,0,0
2833,1987,1.833490968,12,9,81,0,0,1,0,0
2839,1980,1.55487895,13,3,9,0,0,0,0,0
2839,1981,1.647178292,13,4,16,0,0,0,0,0
2839,1982,1.686495304,13,5,25,0,0,0,0,0
2839,1983,1.640532851,13,6,36,0,0,0,0,0
2839,1984,1.743170977,13,7,49,0,0,0,0,0
2839,1985,2.026055813,13,8,64,0,0,0,0,0
2839,1986,1.946564913,13,9,81,0,0,0,0,0
2839,1987,1.973556876,13,10,100,0,0,0,0,0
2842,1980,1.4792521,13,4,16,0,0,0,0,0
2842,1981,1.825711727,13,5,25,0,0,0,0,0
2842,1982,1.69149363,13,6,36,0,0,0,0,0
2842,1983,1.808791757,13,7,49,0,0,0,0,0
2842,1984,1.98256731,13,8,64,0,0,0,0,0
2842,1985,1.983113647,13,9,81,0,0,0,0,0
2842,1986,2.826184273,13,10,100,0,0,0,0,0
2842,1987,2.411125183,13,11,121,0,0,0,0,0
2866,1980,1.336850286,9,3,9,0,1,0,0,0
2866,1981,1.494378805,9,4,16,1,0,1,0,0
2866,1982,2.040753603,9,5,25,0,0,1,0,0
2866,1983,1.99297297,9,6,36,0,0,1,0,0
2866,1984,1.93921268,9,7,49,0,0,1,0,0
2866,1985,2.088662863,9,8,64,0,0,1,0,0
2866,1986,2.284576893,9,9,81,0,0,1,0,0
2866,1987,1.936704278,9,10,100,0,0,1,0,0
2868,1980,2.29360199,13,3,9,1,0,0,0,0
2868,1981,1.565736651,13,4,16,0,0,0,0,0
2868,1982,1.812652946,13,5,25,0,0,0,0,0
2868,1983,1.898543239,13,6,36,0,0,1,0,0
2868,1984,2.007620811,13,7,49,0,0,1,0,0
2868,1985,2.143556595,13,8,64,0,0,1,0,0
2868,1986,3.397526026,13,9,81,0,0,1,0,0
2868,1987,2.071349621,13,10,100,0,0,1,0,0
2874,1980,0.3789327145,9,4,16,0,0,0,0,1
2874,1981,1.07513988,9,5,25,0,0,0,0,1
2874,1982,0.746522665,9,6,36,0,0,0,0,1
2874,1983,1.206616282,9,7,49,0,0,0,0,1
2874,1984,1.185723662,9,8,64,0,0,0,0,1
2874,1985,1.32739675,9,9,81,0,0,0,0,1
2874,1986,1.198237777,9,10,100,0,0,0,0,1
2874,1987,1.408656836,9,11,121,0,0,0,0,1
2916,1980,1.18403399,12,2,4,0,0,0,0,0
2916,1981,1.718663931,12,3,9,0,0,0,0,0
2916,1982,1.696498394,12,4,16,0,0,0,0,0
2916,1983,1.725410104,12,5,25,0,0,0,0,0
2916,1984,1.975124478,12,6,36,0,0,0,0,0
2916,1985,0.9419309497,12,7,49,0,0,0,0,0
2916,1986,1.420471787,12,8,64,0,0,0,0,0
2916,1987,1.646477699,12,9,81,0,0,0,0,0
2951,1980,1.162724257,9,6,36,0,0,0,1,0
2951,1981,1.203972816,9,7,49,0,0,0,1,0
2951,1982,1.080877185,9,8,64,0,0,0,1,0
2951,1983,0.8325663805,9,9,81,0,0,0,1,0
2951,1984,1.182237387,9,10,100,0,0,0,1,0
2951,1985,1.36049664,9,11,121,0,0,0,1,0
2951,1986,1.357177019,9,12,144,0,0,0,1,0
2951,1987,1.381505847,9,13,169,0,0,0,1,0
2980,1980,1.666561246,15,2,4,0,0,1,0,0
2980,1981,1.337504148,15,3,9,0,0,1,0,0
2980,1982,1.372461081,15,4,16,0,0,1,0,0
2980,1983,1.57787466,15,5,25,0,0,1,0,0
2980,1984,1.114503384,15,6,36,0,0,1,0,0
2980,1985,1.70801878,15,7,49,0,0,1,0,0
2980,1986,1.800527215,15,8,64,0,0,1,0,0
2980,1987,1.960708737,15,9,81,0,0,1,0,0
2994,1980,1.304898739,12,3,9,0,0,0,0,0
2994,1981,1.316560984,12,4,16,0,0,0,0,0
2994,1982,1.731809616,12,5,25,0,0,1,0,0
2994,1983,1.531015992,12,6,36,0,0,1,0,0
2994,1984,1.920217991,12,7,49,0,0,1,0,0
2994,1985,1.578365684,12,8,64,0,0,1,0,0
2994,1986,2.050057411,12,9,81,0,0,1,0,0
2994,1987,1.946507215,12,10,100,0,0,1,0,0
2997,1980,1.40020895,12,3,9,0,0,0,0,0
2997,1981,1.625932217,12,4,16,0,0,0,0,0
2997,1982,1.907714367,12,5,25,0,0,0,0,0
2997,1983,1.705051064,12,6,36,0,0,0,0,0
2997,1984,1.818678617,12,7,49,0,0,0,0,0
2997,1985,1.772908926,12,8,64,0,0,1,0,0
2997,1986,1.723421335,12,9,81,0,0,1,0,0
2997,1987,2.043400526,12,10,100,0,0,1,0,0
3017,1980,1.458102822,14,1,1,1,0,0,0,0
3017,1981,1.760079145,14,2,4,1,0,1,0,0
3017,1982,1.788678169,14,3,9,1,0,1,0,0
3017,1983,2.052928448,14,4,16,1,0,1,0,0
3017,1984,2.436478376,14,5,25,0,0,1,0,0
3017,1985,2.901422501,14,6,36,0,0,1,0,0
3017,1986,3.079569578,14,7,49,0,0,1,0,0
3017,1987,2.624699354,14,8,64,0,0,1,0,0
3037,1980,2.068576097,12,4,16,1,1,0,0,0
3037,1981,2.158003807,12,5,25,1,1,1,0,0
3037,1982,2.201328993,12,6,36,1,1,1,0,0
3037,1983,2.09265399,12,7,49,1,1,1,0,0
3037,1984,2.475538969,12,8,64,1,1,1,0,0
3037,1985,2.216985941,12,9,81,1,1,1,0,0
3037,1986,2.267264843,12,10,100,1,1,1,0,0
3037,1987,2.277177334,12,11,121,1,1,1,0,0
3059,1980,1.863935947,12,5,25,1,0,0,0,0
3059,1981,1.61710608,12,6,36,1,0,0,0,0
3059,1982,1.86695981,12,7,49,1,0,0,0,0
3059,1983,1.782387495,12,8,64,1,0,0,0,0
3059,1984,1.868831873,12,9,81,1,0,1,0,0
3059,1985,1.803320646,12,10,100,1,0,1,0,0
3059,1986,1.66559422,12,11,121,1,0,1,0,0
3059,1987,1.71697855,12,12,144,1,0,1,0,0
3062,1980,2.14114666,15,2,4,0,0,0,0,0
3062,1981,2.201488972,15,3,9,0,0,0,0,0
3062,1982,2.181126356,15,4,16,0,0,0,0,0
3062,1983,2.267007351,15,5,25,0,0,0,0,0
3062,1984,2.421503067,15,6,36,0,0,0,0,0
3062,1985,2.430938005,15,7,49,0,0,0,0,0
3062,1986,2.583622694,15,8,64,0,0,0,0,0
3062,1987,2.649536371,15,9,81,0,0,0,0,0
3100,1980,1.515658259,12,4,16,0,1,1,0,0
3100,1981,1.293766975,12,5,25,0,1,1,0,0
3100,1982,1.367688537,12,6,36,0,1,1,0,0
3100,1983,1.676213026,12,7,49,0,1,1,0,0
3100,1984,1.975542426,12,8,64,1,1,1,0,0
3100,1985,2.133686543,12,9,81,1,1,1,0,0
3100,1986,2.113619089,12,10,100,1,1,1,0,0
3100,1987,2.183852434,12,11,121,1,1,1,0,0
3102,1980,0.5911322832,12,1,1,0,0,0,0,0
3102,1981,0.6889891624,12,2,4,0,0,0,0,0
3102,1982,0.84678334,12,3,9,0,0,0,0,0
3102,1983,1.19252193,12,4,16,0,0,0,0,0
3102,1984,0.9618112445,12,5,25,0,0,0,0,0
3102,1985,0.8861319423,12,6,36,0,0,0,0,0
3102,1986,1.000118136,12,7,49,0,0,0,0,0
3102,1987,1.723409414,12,8,64,0,0,0,0,0
3127,1980,0.4836515486,10,2,4,0,0,0,0,0
3127,1981,0.03045920841,10,3,9,0,0,0,0,0
3127,1982,0.6876821518,10,4,16,0,0,0,0,0
3127,1983,0.6755879521,10,5,25,0,0,0,0,0
3127,1984,0.6465371847,10,6,36,0,0,0,0,0
3127,1985,0.9550315738,10,7,49,0,0,0,0,0
3127,1986,1.563572645,10,8,64,0,0,0,0,0
3127,1987,1.301463127,10,9,81,0,0,1,0,0
3136,1980,1.630321145,12,3,9,1,0,0,0,0
3136,1981,1.934860349,12,4,16,1,1,0,0,0
3136,1982,1.926892161,12,5,25,1,1,0,0,0
3136,1983,1.620049596,12,6,36,1,1,0,0,0
3136,1984,2.04545188,12,7,49,1,1,0,0,0
3136,1985,2.133686543,12,8,64,1,1,0,0,0
3136,1986,1.946564913,12,9,81,1,1,0,0,0
3136,1987,2.035432339,12,10,100,1,1,0,0,0
3137,1980,1.978243232,14,2,4,0,0,0,0,0
3137,1981,1.743809938,14,3,9,0,0,0,0,0
3137,1982,1.929395318,14,4,16,0,0,0,0,0
3137,1983,2.06103158,14,5,25,0,0,0,0,0
3137,1984,2.264564991,14,6,36,0,0,1,0,0
3137,1985,2.152734756,14,7,49,0,0,0,0,0
3137,1986,2.289509773,14,8,64,0,0,0,0,0
3137,1987,2.313064098,14,9,81,0,0,0,0,0
3138,1980,1.602733135,12,4,16,1,0,0,0,0
3138,1981,2.199400902,12,5,25,1,0,0,0,0
3138,1982,1.608244181,12,6,36,1,0,0,0,0
3138,1983,1.378008723,12,7,49,0,0,0,0,0
3138,1984,1.854396582,12,8,64,1,0,0,0,0
3138,1985,1.514647365,12,9,81,0,0,0,0,0
3138,1986,1.661633849,12,10,100,0,1,0,0,0
3138,1987,2.374757528,12,11,121,1,0,0,0,0
3140,1980,1.740221262,13,3,9,0,0,0,0,0
3140,1981,1.853757858,13,4,16,0,0,0,0,0
3140,1982,1.925999641,13,5,25,0,0,1,0,0
3140,1983,2.010763884,13,6,36,0,0,1,0,0
3140,1984,2.016823292,13,7,49,0,0,1,0,0
3140,1985,2.046675205,13,8,64,0,0,1,0,0
3140,1986,2.23849225,13,9,81,0,0,1,0,0
3140,1987,2.245722294,13,10,100,0,0,1,0,0
3193,1980,0.9163473248,11,2,4,0,0,0,0,0
3193,1981,1.449234128,11,3,9,0,0,0,0,0
3193,1982,1.926892161,11,4,16,0,0,0,0,0
3193,1983,2.043863773,11,5,25,0,0,0,0,0
3193,1984,2.148636103,11,6,36,0,0,0,0,0
3193,1985,2.171426773,11,7,49,0,0,1,0,0
3193,1986,2.239912748,11,8,64,0,0,1,0,0
3193,1987,2.282292366,11,9,81,0,0,1,0,0
3196,1980,1.978627801,12,3,9,1,0,0,0,0
3196,1981,1.934860349,12,4,16,1,0,0,0,0
3196,1982,1.818555236,12,5,25,1,0,0,0,0
3196,1983,1.94354105,12,6,36,1,0,0,0,0
3196,1984,1.86663723,12,7,49,1,0,0,0,0
3196,1985,2.019397497,12,8,64,1,0,0,0,0
3196,1986,1.943085432,12,9,81,1,0,0,0,0
3196,1987,1.553184271,12,10,100,0,0,0,0,0
3200,1980,1.496352792,8,7,49,1,0,0,0,0
3200,1981,1.778060675,8,8,64,1,0,0,0,0
3200,1982,1.832701802,8,9,81,1,0,0,0,0
3200,1983,1.97295928,8,10,100,1,0,0,0,0
3200,1984,1.028619885,8,11,121,1,0,0,0,0
3200,1985,1.493841767,8,12,144,0,0,0,0,0
3200,1986,1.340429068,8,13,169,0,0,0,0,0
3200,1987,1.900299668,8,14,196,0,0,1,0,0
3202,1980,1.790993571,12,3,9,1,0,0,0,0
3202,1981,1.847109556,12,4,16,1,0,0,0,0
3202,1982,1.680650353,12,5,25,1,0,1,0,0
3202,1983,1.777760386,12,6,36,1,0,1,0,0
3202,1984,1.789452791,12,7,49,1,0,1,0,0
3202,1985,1.79336071,12,8,64,1,0,1,0,0
3202,1986,2.192090511,12,9,81,1,0,1,0,0
3202,1987,1.844475389,12,10,100,1,0,1,0,0
3207,1980,1.69604373,12,4,16,0,0,1,0,0
3207,1981,1.586090565,12,5,25,0,0,1,0,0
3207,1982,1.562669992,12,6,36,0,0,1,0,0
3207,1983,1.577489972,12,7,49,0,0,1,0,0
3207,1984,1.584106326,12,8,64,0,0,1,0,0
3207,1985,1.391749263,12,9,81,0,0,1,0,0
3207,1986,1.602793336,12,10,100,0,0,1,0,0
3207,1987,1.614857554,12,11,121,0,0,1,0,0
3208,1980,1.876348972,12,3,9,1,0,0,0,0
3208,1981,1.820501924,12,4,16,1,0,1,0,0
3208,1982,1.872125864,12,5,25,1,0,1,0,0
3208,1983,2.09313488,12,6,36,1,0,1,0,0
3208,1984,2.272152901,12,7,49,1,0,1,0,0
3208,1985,2.152315378,12,8,64,0,0,1,0,0
3208,1986,2.235610008,12,9,81,0,0,1,0,0
3208,1987,2.299583912,12,10,100,0,0,1,0,0
3210,1980,1.646850467,10,2,4,1,0,0,0,0
3210,1981,1.819177389,10,3,9,1,0,0,0,0
3210,1982,1.627618909,10,4,16,1,0,0,0,0
3210,1983,2.153828859,10,5,25,1,0,0,0,0
3210,1984,2.733778238,10,6,36,1,0,0,0,0
3210,1985,2.333662987,10,7,49,1,0,0,0,0
3210,1986,1.622996092,10,8,64,0,0,0,0,0
3210,1987,1.760340095,10,9,81,0,0,0,0,0
3215,1980,1.641714334,12,4,16,0,0,0,0,0
3215,1981,1.573733449,12,5,25,1,0,0,0,0
3215,1982,0.9106222391,12,6,36,0,0,0,0,0
3215,1983,1.150045991,12,7,49,1,0,0,0,0
3215,1984,1.504465818,12,8,64,1,1,0,0,0
3215,1985,1.574532151,12,9,81,1,0,0,0,0
3215,1986,1.508764386,12,10,100,1,1,0,0,0
3215,1987,1.67875731,12,11,121,1,0,0,0,0
3219,1980,1.32016623,11,2,4,0,1,0,0,0
3219,1981,0.6998572946,11,3,9,1,1,0,0,0
3219,1982,1.285038233,11,4,16,0,1,0,0,0
3219,1983,1.660871625,11,5,25,0,0,0,0,0
3219,1984,1.565942287,11,6,36,1,0,0,0,0
3219,1985,1.708803415,11,7,49,1,0,0,0,0
3219,1986,1.752889752,11,8,64,0,0,0,0,0
3219,1987,1.690241337,11,9,81,0,0,0,0,0
3226,1980,1.206918359,13,3,9,0,0,0,0,0
3226,1981,1.443452716,13,4,16,0,0,0,0,0
3226,1982,0.6258807182,13,5,25,0,0,0,0,0
3226,1983,1.860261083,13,6,36,0,0,0,0,0
3226,1984,2.167533398,13,7,49,0,0,0,0,0
3226,1985,2.27364254,13,8,64,0,0,0,0,0
3226,1986,2.37099576,13,9,81,0,0,1,0,0
3226,1987,2.333887815,13,10,100,0,0,1,0,0
3235,1980,1.233230829,12,2,4,0,0,0,0,0
3235,1981,1.315198421,12,3,9,0,0,1,0,0
3235,1982,1.276201725,12,4,16,1,0,1,0,0
3235,1983,1.55200386,12,5,25,0,0,1,0,0
3235,1984,1.288131118,12,6,36,0,0,1,0,0
3235,1985,1.276819229,12,7,49,0,0,1,0,0
3235,1986,1.396717668,12,8,64,0,0,1,0,0
3235,1987,1.768033743,12,9,81,0,0,1,0,0
3239,1980,1.208285332,11,1,1,0,0,0,1,0
3239,1981,1.25526607,11,2,4,0,0,0,1,0
3239,1982,-0.2690495551,11,3,9,0,0,0,1,0
3239,1983,0.7217661738,11,4,16,0,0,0,1,0
3239,1984,0.370359987,11,5,25,0,0,0,1,0
3239,1985,1.015656233,11,6,36,0,0,0,1,0
3239,1986,1.057566285,11,7,49,0,0,0,1,0
3239,1987,1.683455944,11,8,64,1,0,0,1,0
3271,1980,1.638043165,7,6,36,1,0,0,0,0
3271,1981,1.106140614,7,7,49,1,0,0,0,0
3271,1982,1.593446493,7,8,64,0,0,0,0,0
3271,1983,1.587880254,7,9,81,0,0,0,0,0
3271,1984,2.001481056,7,10,100,0,0,0,0,0
3271,1985,1.728221416,7,11,121,0,0,0,0,0
3271,1986,1.684623361,7,12,144,0,0,0,0,0
3271,1987,1.930071831,7,13,169,0,0,0,0,0
3275,1980,1.391910076,12,1,1,0,0,0,0,0
3275,1981,1.820158958,12,2,4,0,0,0,0,0
3275,1982,0.6094726324,12,3,9,0,0,0,0,0
3275,1983,1.49206233,12,4,16,0,0,0,0,0
3275,1984,1.807325006,12,5,25,0,0,0,0,0
3275,1985,1.849918365,12,6,36,0,0,0,0,0
3275,1986,1.986986399,12,7,49,0,0,0,0,0
3275,1987,3.343164444,12,8,64,0,0,0,0,0
3282,1980,1.358387351,10,3,9,0,0,0,0,1
3282,1981,1.376632452,10,4,16,0,0,0,0,1
3282,1982,1.547402501,10,5,25,0,0,0,0,1
3282,1983,1.843193173,10,6,36,1,0,0,0,1
3282,1984,2.128833532,10,7,49,0,0,0,0,1
3282,1985,2.053643942,10,8,64,0,0,0,0,1
3282,1986,1.776621699,10,9,81,0,0,0,0,1
3282,1987,2.409315348,10,10,100,1,0,0,0,1
3289,1980,1.231923223,15,1,1,0,0,0,0,0
3289,1981,1.175223351,15,2,4,1,0,0,0,0
3289,1982,1.558331609,15,3,9,0,0,0,0,0
3289,1983,1.631099463,15,4,16,0,0,1,0,0
3289,1984,1.889625311,15,5,25,0,0,1,0,0
3289,1985,2.065249443,15,6,36,0,0,1,0,0
3289,1986,2.074398279,15,7,49,0,0,1,0,0
3289,1987,2.282292366,15,8,64,0,0,1,0,0
3290,1980,1.23807621,12,1,1,0,0,0,0,0
3290,1981,1.306488395,12,2,4,0,0,0,0,0
3290,1982,1.63289988,12,3,9,1,0,0,0,0
3290,1983,1.554205418,12,4,16,0,0,0,0,0
3290,1984,1.782629848,12,5,25,0,0,0,0,0
3290,1985,1.960333705,12,6,36,0,0,1,0,0
3290,1986,2.140911102,12,7,49,0,0,1,0,0
3290,1987,2.217753887,12,8,64,0,0,1,0,0
3307,1980,1.973895431,14,3,9,1,0,0,1,0
3307,1981,2.390995979,14,4,16,1,0,0,1,0
3307,1982,2.356251478,14,5,25,0,0,0,1,0
3307,1983,2.562249899,14,6,36,1,0,0,1,0
3307,1984,2.635774612,14,7,49,1,0,0,1,0
3307,1985,2.642529964,14,8,64,1,0,0,1,0
3307,1986,2.806766272,14,9,81,1,0,0,1,0
3307,1987,2.812797546,14,10,100,1,0,0,1,0
3333,1980,0.5202364326,12,1,1,0,0,0,0,0
3333,1981,0.05784953386,12,2,4,0,0,0,0,0
3333,1982,1.111224771,12,3,9,0,0,0,0,0
3333,1983,1.182082772,12,4,16,0,0,0,0,0
3333,1984,1.318163276,12,5,25,0,0,0,0,0
3333,1985,1.341448426,12,6,36,0,0,0,0,0
3333,1986,2.040712118,12,7,49,0,0,0,0,0
3333,1987,1.81537044,12,8,64,0,0,1,0,0
3353,1980,1.356191993,10,3,9,0,0,0,0,0
3353,1981,1.080912709,10,4,16,0,0,0,0,0
3353,1982,0.6162231565,10,5,25,0,0,0,0,0
3353,1983,0.9848825932,10,6,36,0,0,0,0,0
3353,1984,0.7715382576,10,7,49,0,0,0,0,0
3353,1985,1.209427714,10,8,64,0,0,0,0,0
3353,1986,2.044626236,10,9,81,0,0,0,0,0
3353,1987,1.649022222,10,10,100,0,0,0,0,0
3380,1980,1.45141077,12,2,4,0,0,0,0,0
3380,1981,1.421489835,12,3,9,0,0,0,0,0
3380,1982,1.565357924,12,4,16,0,0,0,0,0
3380,1983,1.999509573,12,5,25,0,0,1,0,0
3380,1984,1.722743154,12,6,36,0,0,1,0,0
3380,1985,1.820781827,12,7,49,0,0,1,0,0
3380,1986,2.042850018,12,8,64,0,0,1,0,0
3380,1987,1.93308115,12,9,81,0,0,1,0,0
3381,1980,1.227120996,10,2,4,0,0,0,0,0
3381,1981,1.529395223,10,3,9,0,0,0,0,0
3381,1982,1.735681176,10,4,16,0,0,0,0,0
3381,1983,1.74143815,10,5,25,0,0,0,0,0
3381,1984,1.949175,10,6,36,0,0,1,0,0
3381,1985,2.175533772,10,7,49,0,0,1,0,0
3381,1986,1.976417899,10,8,64,0,0,1,0,0
3381,1987,2.099970818,10,9,81,0,0,1,0,0
3389,1980,1.572112679,12,3,9,0,0,0,0,0
3389,1981,2.217819929,12,4,16,0,0,0,0,0
3389,1982,0.9842216969,12,5,25,0,0,0,0,0
3389,1983,1.302155495,12,6,36,0,0,0,0,0
3389,1984,1.845065355,12,7,49,0,0,1,0,0
3389,1985,1.910542965,12,8,64,0,0,1,0,0
3389,1986,2.321258307,12,9,81,0,0,1,0,0
3389,1987,2.464613914,12,10,100,0,0,1,0,0
3394,1980,1.93435812,15,2,4,0,0,0,1,0
3394,1981,2.040220737,15,3,9,0,0,0,1,0
3394,1982,1.978185415,15,4,16,0,0,0,1,0
3394,1983,2.020874262,15,5,25,0,0,0,1,0
3394,1984,2.168054104,15,6,36,0,0,1,1,0
3394,1985,2.094465733,15,7,49,0,0,1,1,0
3394,1986,1.57894218,15,8,64,0,0,1,1,0
3394,1987,1.168412685,15,9,81,0,0,1,1,0
3401,1980,1.180120111,11,2,4,0,0,0,0,0
3401,1981,0.952349782,11,3,9,0,0,0,0,0
3401,1982,1.387909055,11,4,16,0,0,0,0,0
3401,1983,1.468980551,11,5,25,0,0,1,0,0
3401,1984,1.929643154,11,6,36,0,0,1,0,0
3401,1985,2.044513941,11,7,49,0,0,1,0,0
3401,1986,1.883830905,11,8,64,0,0,1,0,0
3401,1987,2.112393379,11,9,81,0,0,1,0,0
3414,1980,1.337842822,16,1,1,0,0,0,0,0
3414,1981,2.208222389,16,2,4,0,0,0,0,0
3414,1982,1.997603536,16,3,9,0,0,0,0,0
3414,1983,2.055536509,16,4,16,0,0,0,0,0
3414,1984,1.873734355,16,5,25,0,0,0,0,0
3414,1985,2.010158777,16,6,36,0,0,1,0,0
3414,1986,2.032836914,16,7,49,0,0,1,0,0
3414,1987,2.195281029,16,8,64,0,0,1,0,0
3420,1980,2.122098446,13,2,4,0,0,0,0,0
3420,1981,0.6539264917,13,3,9,0,0,0,0,0
3420,1982,1.582382202,13,4,16,0,0,0,0,0
3420,1983,1.335449219,13,5,25,0,0,0,0,0
3420,1984,1.921194077,13,6,36,0,0,0,0,0
3420,1985,0.7652592063,13,7,49,0,0,0,0,0
3420,1986,1.539818525,13,8,64,0,0,0,0,0
3420,1987,2.035432339,13,9,81,0,0,0,0,0
3440,1980,0.2561188042,11,2,4,0,0,0,0,0
3440,1981,-1.259880424,11,3,9,0,0,0,0,0
3440,1982,1.547402501,11,4,16,1,0,1,0,0
3440,1983,1.591878653,11,5,25,1,0,1,0,0
3440,1984,1.657228589,11,6,36,1,0,1,0,0
3440,1985,1.583640218,11,7,49,1,0,1,0,0
3440,1986,1.596362472,11,8,64,0,0,0,0,0
3440,1987,1.524606705,11,9,81,1,1,1,0,0
3461,1980,1.190826297,11,2,4,0,0,0,0,0
3461,1981,1.572880268,11,3,9,0,0,0,0,0
3461,1982,2.167335033,11,4,16,0,1,0,0,0
3461,1983,1.859255552,11,5,25,0,1,0,0,0
3461,1984,2.036295176,11,6,36,0,0,0,0,0
3461,1985,2.139956236,11,7,49,0,1,0,0,0
3461,1986,2.194540977,11,8,64,0,1,0,0,0
3461,1987,2.076887608,11,9,81,0,1,0,0,0
3468,1980,1.601883173,14,1,1,0,0,0,0,0
3468,1981,1.376647115,14,2,4,0,0,0,0,0
3468,1982,1.348356485,14,3,9,0,0,0,0,0
3468,1983,1.216155529,14,4,16,0,0,0,0,0
3468,1984,1.253978252,14,5,25,0,0,0,0,0
3468,1985,1.505544186,14,6,36,0,0,0,0,0
3468,1986,1.527033329,14,7,49,0,0,0,0,0
3468,1987,1.69785583,14,8,64,0,0,0,0,0
3482,1980,2.130711794,13,3,9,0,0,0,0,0
3482,1981,2.002480507,13,4,16,0,0,0,0,0
3482,1982,2.160506964,13,5,25,0,0,0,0,0
3482,1983,1.980394244,13,6,36,0,0,0,0,0
3482,1984,2.15900445,13,7,49,0,0,0,0,0
3482,1985,2.242757559,13,8,64,0,0,0,0,0
3482,1986,2.321258307,13,9,81,0,0,0,0,0
3482,1987,2.551577091,13,10,100,0,0,1,0,0
3495,1980,1.679111242,12,5,25,1,0,0,0,0
3495,1981,1.534714341,12,6,36,1,0,0,0,0
3495,1982,1.660047054,12,7,49,1,0,0,0,0
3495,1983,1.700092316,12,8,64,1,0,0,0,0
3495,1984,1.486440301,12,9,81,1,0,0,0,0
3495,1985,1.682080269,12,10,100,1,0,0,0,0
3495,1986,1.478807449,12,11,121,0,0,1,0,0
3495,1987,1.547057033,12,12,144,1,0,1,0,0
3503,1980,2.165839434,12,4,16,1,0,0,0,0
3503,1981,2.089010954,12,5,25,1,0,0,0,0
3503,1982,2.126562357,12,6,36,1,0,0,0,0
3503,1983,2.130875111,12,7,49,1,0,0,0,0
3503,1984,2.128833532,12,8,64,1,0,0,0,0
3503,1985,2.094465733,12,9,81,1,0,0,0,0
3503,1986,2.074398279,12,10,100,1,0,1,0,0
3503,1987,2.035432339,12,11,121,0,0,1,0,0
3525,1980,0.931846261,14,1,1,1,0,0,0,0
3525,1981,1.958488941,14,2,4,0,0,0,0,0
3525,1982,1.739202857,14,3,9,0,0,0,0,0
3525,1983,1.877426267,14,4,16,0,0,0,0,0
3525,1984,2.529844284,14,5,25,0,0,0,0,0
3525,1985,3.449363232,14,6,36,0,0,0,0,0
3525,1986,2.862748861,14,7,49,0,0,0,0,0
3525,1987,3.016261578,14,8,64,0,0,0,0,0
3526,1980,1.710363865,12,4,16,0,0,0,0,0
3526,1981,1.609437943,12,5,25,0,0,1,0,0
3526,1982,1.592522979,12,6,36,0,0,1,0,0
3526,1983,1.591878653,12,7,49,0,0,1,0,0
3526,1984,1.692075253,12,8,64,1,0,1,0,0
3526,1985,1.871322274,12,9,81,1,0,1,0,0
3526,1986,1.851254702,12,10,100,1,0,1,0,0
3526,1987,1.952050686,12,11,121,1,0,1,0,0
3538,1980,2.063185215,12,5,25,1,0,1,1,0
3538,1981,2.040220737,12,6,36,1,0,1,1,0
3538,1982,2.201328993,12,7,49,1,0,1,1,0
3538,1983,2.066336632,12,8,64,1,0,1,1,0
3538,1984,1.978010654,12,9,81,1,0,1,1,0
3538,1985,1.92459476,12,10,100,1,0,1,1,0
3538,1986,2.149836063,12,11,121,1,0,0,1,0
3538,1987,1.921143174,12,12,144,0,0,0,1,0
3563,1980,1.671143174,11,3,9,1,0,0,0,0
3563,1981,1.609437943,11,4,16,1,0,0,0,0
3563,1982,1.821839333,11,5,25,0,0,0,0,0
3563,1983,1.843193173,11,6,36,0,0,0,0,0
3563,1984,1.931698799,11,7,49,1,0,1,0,0
3563,1985,1.943332791,11,8,64,1,0,1,0,0
3563,1986,1.901922822,11,9,81,0,0,1,0,0
3563,1987,2.001266718,11,10,100,1,0,1,0,0
3575,1980,1.964307785,12,4,16,0,0,0,0,0
3575,1981,2.064913511,12,5,25,0,0,1,0,0
3575,1982,2.026975632,12,6,36,0,0,1,0,0
3575,1983,2.088315487,12,7,49,0,0,1,0,0
3575,1984,2.088011503,12,8,64,0,0,1,0,0
3575,1985,2.207794428,12,9,81,0,0,1,0,0
3575,1986,2.187726974,12,10,100,0,0,1,0,0
3575,1987,2.148761034,12,11,121,0,0,1,0,0
3580,1980,1.443203449,12,2,4,0,0,0,0,0
3580,1981,1.417165995,12,3,9,0,0,0,0,0
3580,1982,1.652763009,12,4,16,0,0,0,0,0
3580,1983,1.693661332,12,5,25,0,0,0,0,0
3580,1984,1.682546377,12,6,36,0,0,0,0,0
3580,1985,1.678222895,12,7,49,0,0,0,0,0
3580,1986,1.481682539,12,8,64,0,0,0,0,0
3580,1987,1.437259555,12,9,81,0,0,1,0,0
3581,1980,1.126323462,14,2,4,0,0,0,0,0
3581,1981,0.2309867293,14,3,9,0,0,0,0,0
3581,1982,2.227126598,14,4,16,0,0,0,0,0
3581,1983,2.17169714,14,5,25,0,0,0,0,0
3581,1984,2.220440865,14,6,36,0,0,1,0,0
3581,1985,2.181477308,14,7,49,0,0,1,0,0
3581,1986,2.439041376,14,8,64,0,0,1,0,0
3581,1987,2.510423422,14,9,81,0,0,1,0,0
3589,1980,1.671143174,12,2,4,1,0,1,0,0
3589,1981,2.024953365,12,3,9,1,0,1,0,0
3589,1982,-0.4873031378,12,4,16,1,0,1,0,0
3589,1983,1.861542225,12,5,25,1,0,1,0,0
3589,1984,1.944910645,12,6,36,1,0,1,0,0
3589,1985,1.871322274,12,7,49,1,0,1,0,0
3589,1986,1.942237377,12,8,64,1,0,1,0,0
3589,1987,2.033430338,12,9,81,1,0,1,0,0
3591,1980,1.118880272,12,2,4,0,0,0,0,0
3591,1981,1.839239955,12,3,9,0,0,0,0,0
3591,1982,1.892763734,12,4,16,1,0,1,0,0
3591,1983,1.957348228,12,5,25,1,0,1,0,0
3591,1984,2.032701969,12,6,36,1,0,1,0,0
3591,1985,2.188393116,12,7,49,1,0,1,0,0
3591,1986,2.303775311,12,8,64,1,0,0,0,0
3591,1987,2.277211905,12,9,81,1,0,0,0,0
3598,1980,1.766997576,12,3,9,0,0,0,0,0
3598,1981,1.801297188,12,4,16,0,0,0,0,0
3598,1982,1.925882816,12,5,25,0,0,0,0,0
3598,1983,2.043863773,12,6,36,0,0,0,0,0
3598,1984,2.129902363,12,7,49,0,0,0,0,0
3598,1985,2.15900445,12,8,64,0,0,1,0,0
3598,1986,2.223893642,12,9,81,0,0,1,0,0
3598,1987,2.13074255,12,10,100,1,0,1,0,0
3602,1980,2.01024127,12,5,25,1,0,0,0,0
3602,1981,2.072185755,12,6,36,1,0,0,0,0
3602,1982,2.261603117,12,7,49,0,0,0,0,0
3602,1983,2.21091795,12,8,64,1,0,1,0,0
3602,1984,2.242162228,12,9,81,1,0,1,0,0
3602,1985,2.080082417,12,10,100,1,0,1,0,0
3602,1986,2.138936758,12,11,121,0,0,1,0,0
3602,1987,2.160595417,12,12,144,1,0,1,0,0
3607,1980,0.9072418213,10,7,49,0,0,0,0,0
3607,1981,0.07472354919,10,8,64,0,0,0,0,0
3607,1982,0.1715794653,10,9,81,0,0,0,0,0
3607,1983,0.9480025768,10,10,100,0,0,0,0,0
3607,1984,1.227070808,10,11,121,0,0,0,0,0
3607,1985,0.4354531467,10,12,144,0,0,0,0,0
3607,1986,0.6388120055,10,13,169,0,0,0,0,0
3607,1987,1.677556157,10,14,196,0,0,0,0,0
3621,1980,1.508497715,12,4,16,0,0,0,0,0
3621,1981,1.831605434,12,5,25,1,0,0,0,0
3621,1982,1.506580472,12,6,36,1,0,0,0,0
3621,1983,1.631655097,12,7,49,1,0,0,0,0
3621,1984,1.545016527,12,8,64,1,0,0,0,0
3621,1985,1.82002902,12,9,81,1,0,0,0,0
3621,1986,1.641958237,12,10,100,1,0,0,0,0
3621,1987,1.688990593,12,11,121,0,0,0,0,0
3628,1980,1.842216015,14,3,9,0,0,1,0,0
3628,1981,1.736189604,14,4,16,0,0,1,0,0
3628,1982,2.291991711,14,5,25,0,0,1,0,0
3628,1983,1.838028908,14,6,36,0,0,1,0,0
3628,1984,2.331942081,14,7,49,0,0,1,0,0
3628,1985,2.288879395,14,8,64,0,0,1,0,0
3628,1986,2.510144234,14,9,81,0,0,1,0,0
3628,1987,2.460952044,14,10,100,0,0,1,0,0
3653,1980,1.670645952,12,2,4,0,0,1,0,0
3653,1981,1.939277053,12,3,9,0,0,1,0,0
3653,1982,2.049585104,12,4,16,0,0,1,0,0
3653,1983,2.010247231,12,5,25,0,0,1,0,0
3653,1984,2.091792107,12,6,36,0,0,1,0,0
3653,1985,2.023338556,12,7,49,0,0,0,0,0
3653,1986,1.975597739,12,8,64,0,0,0,0,0
3653,1987,1.85311079,12,9,81,0,0,1,0,0
3706,1980,1.67441082,13,4,16,0,0,0,0,0
3706,1981,1.791759491,13,5,25,0,0,0,0,0
3706,1982,1.518797755,13,6,36,0,0,0,0,0
3706,1983,1.725410104,13,7,49,0,0,0,0,0
3706,1984,1.648644805,13,8,64,0,0,0,0,0
3706,1985,1.777669668,13,9,81,0,0,0,0,0
3706,1986,1.773293138,13,10,100,0,0,0,0,0
3706,1987,1.812288761,13,11,121,0,0,1,0,0
3707,1980,-1.103046894,13,2,4,0,0,0,0,0
3707,1981,1.863826275,13,3,9,0,0,1,0,0
3707,1982,1.744330287,13,4,16,0,0,1,0,0
3707,1983,2.112884283,13,5,25,0,0,1,0,0
3707,1984,2.081042767,13,6,36,0,0,1,0,0
3707,1985,2.401950598,13,7,49,0,0,1,0,0
3707,1986,2.493108511,13,8,64,0,0,1,0,0
3707,1987,2.728579521,13,9,81,0,0,1,0,0
3708,1980,1.680525064,12,1,1,0,0,0,0,0
3708,1981,1.703228951,12,2,4,0,0,0,0,0
3708,1982,1.66884923,12,3,9,1,0,0,0,0
3708,1983,2.018771887,12,4,16,1,0,0,0,0
3708,1984,2.023873806,12,5,25,1,0,0,0,0
3708,1985,2.122081041,12,6,36,1,0,0,0,0
3708,1986,2.014528036,12,7,49,1,0,0,0,0
3708,1987,2.148761034,12,8,64,1,1,0,0,0
3743,1980,1.256108522,11,1,1,0,0,0,0,0
3743,1981,1.716536045,11,2,4,0,0,0,0,0
3743,1982,1.721012115,11,3,9,0,0,0,0,0
3743,1983,1.764630795,11,4,16,0,0,0,0,0
3743,1984,2.147469521,11,5,25,0,0,1,0,0
3743,1985,2.089441776,11,6,36,0,0,1,0,0
3743,1986,2.14842844,11,7,49,0,0,1,0,0
3743,1987,2.160469055,11,8,64,0,0,1,0,0
3777,1980,1.948774815,12,2,4,1,0,1,0,0
3777,1981,2.040220737,12,3,9,1,0,1,0,0
3777,1982,2.066516876,12,4,16,1,0,1,0,0
3777,1983,2.21091795,12,5,25,1,0,1,0,0
3777,1984,2.08404541,12,6,36,1,0,1,0,0
3777,1985,2.094465733,12,7,49,1,0,1,0,0
3777,1986,1.980400205,12,8,64,1,0,1,0,0
3777,1987,1.99793148,12,9,81,1,0,1,0,0
3831,1980,1.173124075,11,3,9,0,0,0,0,0
3831,1981,1.318881631,11,4,16,0,0,0,0,0
3831,1982,1.48038125,11,5,25,0,0,0,0,0
3831,1983,1.613750815,11,6,36,0,0,0,0,0
3831,1984,1.406840444,11,7,49,0,0,0,0,0
3831,1985,1.391749263,11,8,64,0,0,1,0,0
3831,1986,1.29163897,11,9,81,0,0,1,0,0
3831,1987,1.332715631,11,10,100,0,0,1,0,0
3844,1980,1.440416217,11,3,9,0,0,0,0,0
3844,1981,1.413945913,11,4,16,0,0,0,0,0
3844,1982,1.547402501,11,5,25,0,0,0,0,0
3844,1983,1.76882875,11,6,36,0,0,0,0,0
3844,1984,1.766427875,11,7,49,0,0,0,0,0
3844,1985,1.871322274,11,8,64,0,0,0,0,0
3844,1986,1.710271597,11,9,81,0,0,0,0,0
3844,1987,1.61034739,11,10,100,0,0,0,0,0
3847,1980,2.249360323,12,3,9,1,0,0,0,0
3847,1981,2.359743595,12,4,16,1,0,0,0,0
3847,1982,2.279770374,12,5,25,1,0,1,0,0
3847,1983,2.320117235,12,6,36,1,0,1,0,0
3847,1984,2.304466009,12,7,49,1,0,1,0,0
3847,1985,2.401950598,12,8,64,1,0,1,0,0
3847,1986,2.439041376,12,9,81,1,0,1,0,0
3847,1987,2.45414257,12,10,100,1,0,1,0,0
3848,1980,1.998045921,12,2,4,0,0,0,0,0
3848,1981,1.893159628,12,3,9,0,0,0,0,0
3848,1982,1.852390289,12,4,16,0,0,0,0,0
3848,1983,1.620530486,12,5,25,0,0,0,0,0
3848,1984,1.996203899,12,6,36,0,0,0,0,0
3848,1985,1.583858728,12,7,49,0,0,0,0,0
3848,1986,1.849038243,12,8,64,0,0,1,0,0
3848,1987,2.059148788,12,9,81,0,0,1,0,0
3882,1980,0.5945394039,15,1,1,1,0,0,0,0
3882,1981,0.5461649895,15,2,4,0,0,0,0,0
3882,1982,0.9526954293,15,3,9,0,0,0,0,0
3882,1983,0.7713790536,15,4,16,0,0,0,0,0
3882,1984,2.028292179,15,5,25,0,0,0,0,0
3882,1985,1.965131164,15,6,36,0,0,0,0,0
3882,1986,1.905589104,15,7,49,0,0,0,0,0
3882,1987,1.655942678,15,8,64,0,0,0,0,0
3937,1980,1.447999597,11,3,9,0,1,0,1,0
3937,1981,1.32802546,11,4,16,1,1,0,1,0
3937,1982,1.523930192,11,5,25,1,0,0,1,0
3937,1983,1.594960332,11,6,36,0,0,0,1,0
3937,1984,2.44515419,11,7,49,1,0,0,1,0
3937,1985,1.736064672,11,8,64,0,1,1,1,0
3937,1986,1.6933074,11,9,81,1,1,1,1,0
3937,1987,1.982937813,11,10,100,1,0,1,1,0
4000,1980,1.611272931,7,9,81,0,0,0,0,0
4000,1981,1.7525388,7,10,100,0,0,0,0,0
4000,1982,1.671455145,7,11,121,0,0,0,0,0
4000,1983,1.437728047,7,12,144,0,0,1,0,0
4000,1984,1.905689955,7,13,169,0,0,1,0,0
4000,1985,1.424010038,7,14,196,0,0,1,0,0
4000,1986,1.803861022,7,15,225,0,0,1,0,0
4000,1987,1.524606705,7,16,256,0,0,1,0,0
4004,1980,2.007615328,12,4,16,0,0,0,0,0
4004,1981,2.179982662,12,5,25,0,0,0,0,0
4004,1982,1.978185415,12,6,36,0,0,0,0,0
4004,1983,1.948553681,12,7,49,0,0,0,0,0
4004,1984,2.088011503,12,8,64,0,0,0,0,0
4004,1985,2.094465733,12,9,81,0,0,0,0,0
4004,1986,1.991016626,12,10,100,0,0,0,0,0
4004,1987,2.035432339,12,11,121,0,0,1,0,0
4025,1980,0.8568673134,9,2,4,0,0,0,0,0
4025,1981,1.332504153,9,3,9,0,0,0,0,0
4025,1982,1.305210829,9,4,16,0,0,1,0,0
4025,1983,1.21458447,9,5,25,0,0,1,0,0
4025,1984,1.247924685,9,6,36,0,0,0,0,0
4025,1985,1.463113666,9,7,49,1,0,0,0,0
4025,1986,1.340429068,9,8,64,0,0,0,0,0
4025,1987,2.043881416,9,9,81,0,0,0,0,0
4032,1980,1.314949036,11,1,1,1,0,0,0,0
4032,1981,1.194172859,11,2,4,0,0,0,0,0
4032,1982,0.900927186,11,3,9,0,0,0,0,0
4032,1983,1.254532695,11,4,16,0,0,0,0,0
4032,1984,1.382889152,11,5,25,0,0,0,0,0
4032,1985,1.6126194,11,6,36,0,0,0,0,0
4032,1986,1.868713975,11,7,49,0,0,0,0,0
4032,1987,1.815251708,11,8,64,0,0,1,0,0
4046,1980,1.438430071,9,6,36,0,0,1,0,0
4046,1981,1.541708469,9,7,49,0,0,1,0,0
4046,1982,1.41974771,9,8,64,0,0,1,0,0
4046,1983,1.679983377,9,9,81,0,0,1,0,0
4046,1984,1.388999224,9,10,100,0,0,1,0,0
4046,1985,1.434674263,9,11,121,0,0,1,0,0
4046,1986,1.557069182,9,12,144,0,0,1,0,0
4046,1987,1.484659195,9,13,169,0,0,1,0,0
4088,1980,2.204250336,13,4,16,0,0,0,0,0
4088,1981,2.411656141,13,5,25,0,0,0,0,0
4088,1982,2.314657688,13,6,36,0,0,0,0,0
4088,1983,2.508169413,13,7,49,0,0,0,0,0
4088,1984,2.598837137,13,8,64,0,0,0,0,0
4088,1985,2.700373888,13,9,81,0,0,0,0,0
4088,1986,2.741446733,13,10,100,0,0,1,0,0
4088,1987,2.663440228,13,11,121,0,0,1,0,0
4091,1980,2.564134121,12,3,9,1,0,1,0,0
4091,1981,2.510224342,12,4,16,1,0,1,0,0
4091,1982,2.593371153,12,5,25,1,0,1,0,0
4091,1983,2.5637393,12,6,36,1,0,1,0,0
4091,1984,2.465305805,12,7,49,1,0,1,0,0
4091,1985,2.613259554,12,8,64,1,0,1,0,0
4091,1986,2.645498037,12,9,81,1,0,1,0,0
4091,1987,2.282292366,12,10,100,1,0,1,0,0
4122,1980,1.777172446,16,0,0,0,0,1,0,0
4122,1981,1.897119999,16,1,1,0,0,1,0,0
4122,1982,2.026975632,16,2,4,0,0,1,0,0
4122,1983,2.130875111,16,3,9,0,0,1,0,0
4122,1984,2.04545188,16,4,16,0,0,1,0,0
4122,1985,2.23596549,16,5,25,0,0,1,0,0
4122,1986,2.113619089,16,6,36,0,0,1,0,0
4122,1987,2.148761034,16,7,49,0,0,1,0,0
4127,1980,1.171367288,10,2,4,0,0,0,0,0
4127,1981,1.843052745,10,3,9,0,0,0,0,0
4127,1982,1.161168814,10,4,16,0,0,0,0,0
4127,1983,0.9177725911,10,5,25,0,0,0,0,0
4127,1984,0.927102387,10,6,36,0,0,0,0,0
4127,1985,1.455806851,10,7,49,0,0,0,0,0
4127,1986,1.373218894,10,8,64,0,0,0,0,0
4127,1987,1.44844532,10,9,81,0,0,0,0,0
4128,1980,0.9933319092,12,4,16,1,0,0,0,0
4128,1981,0.9846680164,12,5,25,1,0,0,0,0
4128,1982,1.242137432,12,6,36,1,0,0,0,0
4128,1983,1.78483355,12,7,49,1,0,0,0,0
4128,1984,1.83368504,12,8,64,1,0,0,0,0
4128,1985,1.517054081,12,9,81,0,0,0,0,0
4128,1986,1.628111124,12,10,100,1,0,0,0,0
4128,1987,1.426626325,12,11,121,1,0,0,0,0
4159,1980,1.680458307,11,2,4,1,0,0,0,0
4159,1981,2.290006399,11,3,9,1,0,0,0,0
4159,1982,2.028579473,11,4,16,1,0,0,0,0
4159,1983,1.758648753,11,5,25,1,0,1,0,0
4159,1984,2.003092527,11,6,36,1,0,1,0,0
4159,1985,1.474594831,11,7,49,0,0,0,0,0
4159,1986,2.352030039,11,8,64,0,0,1,0,0
4159,1987,1.388474464,11,9,81,0,0,1,0,0
4204,1980,1.195795178,11,4,16,1,0,0,1,0
4204,1981,1.397355318,11,5,25,0,0,0,1,0
4204,1982,1.517894506,11,6,36,0,0,0,1,0
4204,1983,1.786034703,11,7,49,0,0,1,1,0
4204,1984,1.251763463,11,8,64,0,0,0,1,0
4204,1985,1.306227088,11,9,81,0,0,0,1,0
4204,1986,1.448196411,11,10,100,0,0,0,1,0
4204,1987,1.364976525,11,11,121,1,0,0,1,0
4229,1980,1.459483504,12,2,4,0,0,0,0,0
4229,1981,1.592908621,12,3,9,0,0,0,0,0
4229,1982,1.398366928,12,4,16,0,0,0,0,0
4229,1983,1.820720315,12,5,25,0,0,0,0,0
4229,1984,1.682546377,12,6,36,0,0,0,0,0
4229,1985,1.557775736,12,7,49,0,0,0,0,0
4229,1986,1.340429068,12,8,64,0,0,0,0,0
4229,1987,1.210274935,12,9,81,0,0,0,0,0
4258,1980,2.117404461,12,2,4,1,0,0,0,0
4258,1981,2.267192602,12,3,9,1,0,0,0,0
4258,1982,1.99129498,12,4,16,1,0,0,0,0
4258,1983,2.140562296,12,5,25,1,0,0,0,0
4258,1984,2.168054104,12,6,36,1,0,0,0,0
4258,1985,1.936593652,12,7,49,1,0,0,0,0
4258,1986,1.60100925,12,8,64,1,0,0,0,0
4258,1987,1.711333513,12,9,81,1,0,0,0,0
4261,1980,1.854151726,6,9,81,0,0,1,0,0
4261,1981,1.805129647,6,10,100,0,0,1,0,0
4261,1982,1.872824907,6,11,121,0,0,0,0,0
4261,1983,1.978112459,6,12,144,0,0,1,0,0
4261,1984,1.999407887,6,13,169,1,0,0,0,0
4261,1985,2.188746452,6,14,196,0,0,0,0,0
4261,1986,2.074398279,6,15,225,0,0,0,0,0
4261,1987,1.504884839,6,16,256,0,0,0,0,0
4264,1980,1.229391217,10,4,16,0,0,1,0,1
4264,1981,1.418340921,10,5,25,0,0,1,0,1
4264,1982,1.070392251,10,6,36,1,0,1,0,1
4264,1983,0.8207249045,10,7,49,0,0,1,0,1
4264,1984,1.236495972,10,8,64,0,0,1,0,1
4264,1985,1.291503787,10,9,81,0,0,1,0,1
4264,1986,1.360231757,10,10,100,0,0,1,0,1
4264,1987,1.03467083,10,11,121,0,0,0,0,1
4278,1980,1.802247763,12,3,9,0,0,1,0,0
4278,1981,1.785328627,12,4,16,0,0,1,0,0
4278,1982,1.815666556,12,5,25,0,0,1,0,0
4278,1983,1.875983,12,6,36,0,0,1,0,0
4278,1984,1.800329447,12,7,49,0,0,1,0,0
4278,1985,1.82002902,12,8,64,0,0,1,0,0
4278,1986,1.475531578,12,9,81,0,0,1,0,0
4278,1987,1.800216198,12,10,100,0,0,1,0,0
4297,1980,2.112708807,12,2,4,1,0,0,0,0
4297,1981,2.229253769,12,3,9,0,0,0,0,0
4297,1982,1.533609152,12,4,16,0,0,1,0,0
4297,1983,1.638398767,12,5,25,0,0,1,0,0
4297,1984,1.699027658,12,6,36,0,0,1,0,0
4297,1985,1.617568851,12,7,49,0,0,0,0,0
4297,1986,1.630912304,12,8,64,0,0,1,0,0
4297,1987,1.704527259,12,9,81,0,0,1,0,0
4302,1980,1.061952591,11,2,4,0,0,0,0,0
4302,1981,1.016822815,11,3,9,0,0,0,0,0
4302,1982,1.244216204,11,4,16,0,0,0,0,0
4302,1983,1.169463992,11,5,25,0,0,0,0,0
4302,1984,1.105809569,11,6,36,0,0,0,0,0
4302,1985,0.6375773549,11,7,49,0,0,0,0,0
4302,1986,0.609541595,11,8,64,0,0,0,0,0
4302,1987,1.715748429,11,9,81,0,0,1,0,0
4321,1980,1.721292853,11,1,1,0,0,0,0,1
4321,1981,1.981609344,11,2,4,1,0,1,0,1
4321,1982,1.209655643,11,3,9,0,0,1,0,1
4321,1983,1.467286825,11,4,16,1,0,0,0,1
4321,1984,1.797547817,11,5,25,1,0,1,0,1
4321,1985,2.153104544,11,6,36,1,0,1,0,1
4321,1986,1.991016626,11,7,49,1,0,1,0,1
4321,1987,2.183852434,11,8,64,1,0,1,0,1
4328,1980,1.742112517,12,4,16,0,0,0,0,0
4328,1981,1.360412717,12,5,25,0,0,0,0,0
4328,1982,1.289857507,12,6,36,0,0,0,0,0
4328,1983,1.224947214,12,7,49,0,0,0,0,0
4328,1984,1.212542772,12,8,64,0,0,0,0,0
4328,1985,1.133723378,12,9,81,0,0,0,0,0
4328,1986,1.112820029,12,10,100,0,0,0,0,0
4328,1987,1.311340809,12,11,121,0,0,0,0,0
4332,1980,0.4064126015,12,2,4,0,0,0,0,0
4332,1981,0.04082199559,12,3,9,0,0,0,0,0
4332,1982,0.9911405444,12,4,16,0,0,0,0,0
4332,1983,0.5125538111,12,5,25,0,0,0,0,0
4332,1984,0.731779933,12,6,36,0,0,0,0,0
4332,1985,1.207639694,12,7,49,0,0,0,0,0
4332,1986,1.340429068,12,8,64,0,0,0,0,0
4332,1987,1.348405838,12,9,81,0,0,0,0,0
4335,1980,1.543309689,11,3,9,0,0,1,0,0
4335,1981,1.683545828,11,4,16,0,0,1,0,0
4335,1982,1.479456663,11,5,25,0,0,1,0,0
4335,1983,1.150045991,11,6,36,0,0,1,0,0
4335,1984,1.142201304,11,7,49,0,0,1,0,0
4335,1985,1.708803415,11,8,64,0,0,1,0,0
4335,1986,1.745894194,11,9,81,0,1,1,0,0
4335,1987,1.706928253,11,10,100,0,1,1,0,0
4357,1980,2.14114666,12,3,9,1,0,0,0,0
4357,1981,2.064174175,12,4,16,1,0,0,0,0
4357,1982,1.407255888,12,5,25,0,0,1,0,0
4357,1983,1.486518145,12,6,36,0,0,1,0,0
4357,1984,1.51264739,12,7,49,0,0,1,0,0
4357,1985,1.616430044,12,8,64,0,0,1,0,0
4357,1986,1.730626702,12,9,81,1,0,1,0,0
4357,1987,1.913384914,12,10,100,1,0,1,0,0
4365,1980,-0.03520625457,11,2,4,0,0,0,0,0
4365,1981,0.2835240662,11,3,9,0,0,0,0,0
4365,1982,1.263471007,11,4,16,0,0,1,0,0
4365,1983,1.548086762,11,5,25,0,0,1,0,0
4365,1984,2.068997145,11,6,36,0,0,1,0,0
4365,1985,1.490736723,11,7,49,0,0,1,0,0
4365,1986,1.775164604,11,8,64,0,0,1,0,0
4365,1987,1.125572443,11,9,81,0,0,1,0,0
4380,1980,1.810905099,13,4,16,1,0,0,0,0
4380,1981,1.95138967,13,5,25,1,0,0,0,0
4380,1982,1.97731173,13,6,36,1,0,1,0,0
4380,1983,2.1147964,13,7,49,1,0,1,0,0
4380,1984,2.19704175,13,8,64,1,0,1,0,0
4380,1985,2.198225021,13,9,81,0,0,1,0,0
4380,1986,1.938266158,13,10,100,0,0,1,0,0
4380,1987,1.960460663,13,11,121,0,0,0,0,0
4394,1980,1.630321145,11,2,4,0,0,0,0,0
4394,1981,2.089010954,11,3,9,1,0,0,0,0
4394,1982,2.015234709,11,4,16,0,0,0,0,0
4394,1983,2.034294367,11,5,25,1,0,0,0,0
4394,1984,2.088011503,11,6,36,0,0,0,0,0
4394,1985,1.79721427,11,7,49,0,0,0,0,0
4394,1986,2.321258307,11,8,64,0,0,0,0,0
4394,1987,1.524606705,11,9,81,0,0,0,0,0
4510,1980,1.304898739,13,2,4,0,0,0,0,0
4510,1981,1.630491376,13,3,9,1,0,0,0,0
4510,1982,1.651837587,13,4,16,0,0,0,0,0
4510,1983,2.255269289,13,5,25,0,0,0,0,0
4510,1984,1.905689955,13,6,36,0,0,0,0,0
4510,1985,1.703077316,13,7,49,0,0,0,0,0
4510,1986,2.028096914,13,8,64,0,0,0,0,0
4510,1987,2.340356112,13,9,81,0,1,1,0,0
4559,1980,1.32382679,12,5,25,0,0,0,0,0
4559,1981,1.450832844,12,6,36,0,0,1,0,0
4559,1982,1.29735148,12,7,49,0,0,1,0,0
4559,1983,1.393658519,12,8,64,0,0,1,0,0
4559,1984,1.00525856,12,9,81,0,0,1,0,0
4559,1985,1.491696119,12,10,100,0,0,1,0,0
4559,1986,1.568891764,12,11,121,0,0,1,0,0
4559,1987,1.599149823,12,12,144,0,0,1,0,0
4563,1980,0.890583992,11,1,1,1,0,0,0,0
4563,1981,0.9270628095,11,2,4,0,0,0,0,0
4563,1982,1.101957917,11,3,9,0,0,0,0,0
4563,1983,1.047879577,11,4,16,0,0,0,0,0
4563,1984,1.760507941,11,5,25,0,0,0,0,0
4563,1985,1.310137868,11,6,36,0,0,1,0,0
4563,1986,1.667331934,11,7,49,0,0,1,0,0
4563,1987,1.711747527,11,8,64,1,0,1,0,0
4569,1980,2.26701951,12,1,1,1,0,0,0,0
4569,1981,2.12520504,12,2,4,1,0,0,0,0
4569,1982,2.073495626,12,3,9,1,0,1,0,0
4569,1983,2.043863773,12,4,16,1,0,0,0,0
4569,1984,2.367184877,12,5,25,1,0,0,0,0
4569,1985,2.129067659,12,6,36,1,0,0,0,0
4569,1986,2.03357625,12,7,49,1,0,1,0,0
4569,1987,2.035432339,12,8,64,1,0,1,0,0
4603,1980,2.055204391,11,2,4,1,0,0,0,0
4603,1981,1.997861505,11,3,9,1,0,0,0,0
4603,1982,2.038810015,11,4,16,1,0,0,0,0
4603,1983,2.174103975,11,5,25,1,0,0,0,0
4603,1984,1.988279462,11,6,36,1,0,0,0,0
4603,1985,1.921911716,11,7,49,1,0,0,0,0
4603,1986,2.035287142,11,8,64,1,0,0,0,0
4603,1987,1.853912354,11,9,81,1,0,0,0,0
4607,1980,-0.6960180402,13,2,4,0,0,0,0,0
4607,1981,1.718973756,13,3,9,0,0,0,0,0
4607,1982,1.805756927,13,4,16,0,0,0,0,0
4607,1983,1.236358285,13,5,25,0,0,0,0,0
4607,1984,1.838750482,13,6,36,0,0,0,0,0
4607,1985,1.615743518,13,7,49,0,0,0,0,0
4607,1986,1.582990766,13,8,64,0,0,1,0,0
4607,1987,1.948359251,13,9,81,1,0,1,0,0
4633,1980,1.759466529,12,3,9,0,0,0,0,0
4633,1981,1.423335671,12,4,16,0,0,0,0,0
4633,1982,1.446897507,12,5,25,0,0,0,0,0
4633,1983,1.547217965,12,6,36,0,0,0,0,0
4633,1984,1.543262362,12,7,49,0,0,0,0,0
4633,1985,1.514210343,12,8,64,0,0,1,0,0
4633,1986,1.518911839,12,9,81,0,0,1,0,0
4633,1987,2.559309006,12,10,100,1,0,1,0,0
4676,1980,0.6362150311,10,2,4,0,0,0,0,0
4676,1981,0.8620210886,10,3,9,0,0,0,0,0
4676,1982,1.064159751,10,4,16,0,0,0,0,0
4676,1983,1.350716591,10,5,25,0,0,0,0,0
4676,1984,1.492267013,10,6,36,0,0,0,0,0
4676,1985,1.534850001,10,7,49,0,0,0,0,0
4676,1986,1.732522488,10,8,64,0,0,0,0,0
4676,1987,1.877293587,10,9,81,0,0,0,0,0
4701,1980,1.595672011,12,2,4,0,0,0,0,0
4701,1981,1.793050647,12,3,9,0,0,0,0,0
4701,1982,1.815666556,12,4,16,0,0,0,0,0
4701,1983,2.116919756,12,5,25,0,0,0,0,0
4701,1984,2.38948679,12,6,36,0,0,0,0,0
4701,1985,2.489422083,12,7,49,0,0,1,0,0
4701,1986,2.506180763,12,8,64,0,0,1,0,0
4701,1987,2.600746155,12,9,81,0,0,1,0,0
4716,1980,0.9417034388,12,3,9,0,0,1,0,0
4716,1981,1.243193507,12,4,16,1,0,1,0,0
4716,1982,1.380348444,12,5,25,1,1,1,0,0
4716,1983,1.140937448,12,6,36,1,1,1,0,0
4716,1984,1.474907041,12,7,49,1,1,1,0,0
4716,1985,1.47827971,12,8,64,1,0,1,0,0
4716,1986,1.596362472,12,9,81,1,1,1,0,0
4716,1987,1.706928253,12,10,100,1,1,1,0,0
4720,1980,2.089853525,12,5,25,1,0,1,0,0
4720,1981,2.179982662,12,6,36,0,0,1,0,0
4720,1982,2.349749088,12,7,49,1,0,1,0,0
4720,1983,2.17169714,12,8,64,1,0,1,0,0
4720,1984,2.281382799,12,9,81,1,0,1,0,0
4720,1985,2.207794428,12,10,100,1,0,1,0,0
4720,1986,2.256719828,12,11,121,0,0,1,0,0
4720,1987,2.217753887,12,12,144,1,0,1,0,0
4759,1980,1.790406585,12,4,16,1,0,0,0,0
4759,1981,1.871802211,12,5,25,1,0,1,0,0
4759,1982,1.328814745,12,6,36,1,0,1,0,0
4759,1983,1.657751441,12,7,49,1,0,1,0,0
4759,1984,1.774945855,12,8,64,1,0,1,0,0
4759,1985,1.851119637,12,9,81,1,0,1,0,0
4759,1986,1.900044918,12,10,100,1,0,1,0,0
4759,1987,1.952050686,12,11,121,0,0,1,0,0
4791,1980,1.961678267,12,5,25,1,0,1,0,0
4791,1981,1.654558301,12,6,36,1,0,1,0,0
4791,1982,1.764210224,12,7,49,1,0,1,0,0
4791,1983,1.700092316,12,8,64,1,0,1,0,0
4791,1984,1.7819134,12,9,81,1,0,1,0,0
4791,1985,1.752318978,12,10,100,1,0,1,0,0
4791,1986,1.865782857,12,11,121,1,0,1,0,0
4791,1987,1.767781258,12,12,144,1,0,1,0,0
4811,1980,0.7321421504,12,2,4,0,0,0,0,0
4811,1981,0.9762420654,12,3,9,0,0,0,0,0
4811,1982,0.7450560331,12,4,16,0,0,0,0,0
4811,1983,1.05999434,12,5,25,0,0,0,0,0
4811,1984,1.578016877,12,6,36,1,0,0,0,0
4811,1985,1.730496764,12,7,49,0,0,0,0,0
4811,1986,1.723421335,12,8,64,0,0,0,0,0
4811,1987,1.934612632,12,9,81,1,0,0,0,0
4828,1980,0.9885613918,11,2,4,0,0,0,0,0
4828,1981,1.501263738,11,3,9,0,0,0,0,0
4828,1982,1.801636696,11,4,16,1,0,0,0,0
4828,1983,1.097416997,11,5,25,0,0,0,0,0
4828,1984,1.028619885,11,6,36,0,0,0,0,0
4828,1985,1.33674264,11,7,49,0,0,0,0,0
4828,1986,1.711492777,11,8,64,0,0,1,0,0
4828,1987,1.118540764,11,9,81,0,0,1,0,0
4857,1980,1.139698148,14,3,9,0,0,0,0,0
4857,1981,0.7507762909,14,4,16,0,0,0,0,0
4857,1982,0.98066926,14,5,25,0,0,0,0,0
4857,1983,1.072283983,14,6,36,0,0,0,0,0
4857,1984,0.7042202353,14,7,49,0,0,0,0,0
4857,1985,0.6867675781,14,8,64,0,0,1,0,0
4857,1986,1.546272516,14,9,81,0,0,1,0,0
4857,1987,1.524606705,14,10,100,0,0,1,0,0
4858,1980,1.286322355,12,2,4,0,0,0,0,0
4858,1981,1.648249626,12,3,9,1,0,0,0,0
4858,1982,2.296639204,12,4,16,0,0,1,0,0
4858,1983,2.285025835,12,5,25,0,0,1,0,0
4858,1984,2.520875692,12,6,36,0,0,1,0,0
4858,1985,2.513176203,12,7,49,0,0,1,0,0
4858,1986,2.593192101,12,8,64,0,0,1,0,0
4858,1987,2.577756643,12,9,81,0,0,1,0,0
4859,1980,1.326877594,12,2,4,0,0,0,0,0
4859,1981,1.063067317,12,3,9,0,0,0,0,0
4859,1982,0.9973561764,12,4,16,0,0,0,0,0
4859,1983,1.196187139,12,5,25,0,0,0,0,0
4859,1984,1.26133287,12,6,36,0,0,0,0,0
4859,1985,1.273485303,12,7,49,0,0,0,0,0
4859,1986,1.340429068,12,8,64,0,0,0,0,0
4859,1987,1.342285156,12,9,81,0,0,0,0,0
4866,1980,1.695885777,14,2,4,1,0,0,0,0
4866,1981,1.817077279,14,3,9,1,0,1,0,0
4866,1982,1.929544806,14,4,16,1,0,1,0,0
4866,1983,1.967783213,14,5,25,1,0,1,0,0
4866,1984,2.259861708,14,6,36,1,0,1,0,0
4866,1985,2.430938005,14,7,49,1,0,1,0,0
4866,1986,2.410870552,14,8,64,1,0,0,0,0
4866,1987,2.45414257,14,9,81,1,0,0,0,0
4881,1980,1.373080254,14,2,4,0,0,1,0,0
4881,1981,1.502828121,14,3,9,0,0,1,0,0
4881,1982,1.255562425,14,4,16,0,0,1,0,0
4881,1983,1.362727642,14,5,25,0,0,1,0,0
4881,1984,1.67536068,14,6,36,0,0,1,0,0
4881,1985,1.82002902,14,7,49,0,0,1,0,0
4881,1986,1.900044918,14,8,64,0,0,1,0,0
4881,1987,1.895961285,14,9,81,0,0,1,0,0
4884,1980,1.575832963,12,4,16,0,0,0,0,0
4884,1981,1.570217252,12,5,25,0,0,0,0,0
4884,1982,1.522709966,12,6,36,0,0,1,0,0
4884,1983,1.543915987,12,7,49,0,0,1,0,0
4884,1984,1.680930734,12,8,64,0,0,1,0,0
4884,1985,1.765961766,12,9,81,1,0,1,0,0
4884,1986,1.745894194,12,10,100,1,1,1,0,0
4884,1987,1.760995507,12,11,121,1,1,1,0,0
4888,1980,1.466943383,12,2,4,1,0,0,0,0
4888,1981,1.434720993,12,3,9,1,0,1,0,0
4888,1982,1.392661691,12,4,16,0,0,1,0,0
4888,1983,1.481744885,12,5,25,1,0,1,0,0
4888,1984,1.091682434,12,6,36,1,0,1,0,0
4888,1985,1.447707891,12,7,49,0,0,1,0,0
4888,1986,1.240995169,12,8,64,0,0,1,0,0
4888,1987,1.410911202,12,9,81,0,0,1,0,0
4901,1980,1.168766499,11,4,16,1,0,1,0,0
4901,1981,1.22502625,11,5,25,1,0,1,0,0
4901,1982,1.027527094,11,6,36,1,0,1,0,0
4901,1983,1.378008723,11,7,49,1,0,1,0,0
4901,1984,1.710221052,11,8,64,1,0,1,0,0
4901,1985,1.562236309,11,9,81,1,0,1,0,0
4901,1986,1.57681787,11,10,100,1,0,1,0,0
4901,1987,1.53785193,11,11,121,1,0,0,0,0
4917,1980,1.199538231,12,4,16,0,0,0,0,0
4917,1981,0.8992492557,12,5,25,0,0,0,0,0
4917,1982,1.012073636,12,6,36,0,0,0,0,0
4917,1983,1.193531036,12,7,49,0,0,0,0,0
4917,1984,1.295228124,12,8,64,0,0,0,0,0
4917,1985,1.439538836,12,9,81,0,0,0,0,0
4917,1986,0.582387805,12,10,100,0,0,0,0,0
4917,1987,1.326155782,12,11,121,0,0,0,0,0
4926,1980,1.652021766,12,4,16,1,0,0,0,0
4926,1981,1.596133947,12,5,25,1,0,1,0,0
4926,1982,1.516630888,12,6,36,0,0,1,0,0
4926,1983,1.625448704,12,7,49,1,0,1,0,0
4926,1984,1.492243886,12,8,64,0,0,1,0,0
4926,1985,1.432757258,12,9,81,0,0,1,0,0
4926,1986,1.465840459,12,10,100,0,0,1,0,0
4926,1987,1.861078978,12,11,121,1,0,1,0,0
4982,1980,0.8883838058,9,4,16,0,0,0,0,0
4982,1981,1.06919837,9,5,25,0,0,0,0,0
4982,1982,1.380348444,9,6,36,0,0,0,0,0
4982,1983,1.255406499,9,7,49,0,0,0,0,0
4982,1984,1.394864321,9,8,64,0,0,0,0,0
4982,1985,1.273485303,9,9,81,0,0,1,0,0
4982,1986,1.102018118,9,10,100,0,0,1,0,0
4982,1987,1.060781956,9,11,121,0,0,1,0,0
5017,1980,1.886376262,13,1,1,0,0,0,0,0
5017,1981,2.048725605,13,2,4,0,0,0,0,0
5017,1982,2.348602057,13,3,9,0,0,0,0,0
5017,1983,2.400538683,13,4,16,0,0,1,0,0
5017,1984,2.493476629,13,5,25,0,0,1,0,0
5017,1985,2.515679359,13,6,36,0,0,0,0,0
5017,1986,2.567932367,13,7,49,0,0,0,0,0
5017,1987,2.545114517,13,8,64,0,0,1,0,0
5033,1980,1.948774815,12,2,4,0,0,0,0,0
5033,1981,2.201488972,12,3,9,0,0,0,0,0
5033,1982,2.366843462,12,4,16,0,0,0,0,0
5033,1983,2.30971837,12,5,25,0,0,0,0,0
5033,1984,2.119264126,12,6,36,0,0,1,0,0
5033,1985,2.501907587,12,7,49,0,0,1,0,0
5033,1986,2.321258307,12,8,64,0,0,1,0,0
5033,1987,2.45414257,12,9,81,0,0,1,0,0
5048,1980,0.510171771,11,3,9,0,0,0,0,0
5048,1981,1.096115351,11,4,16,0,0,0,0,0
5048,1982,1.243191123,11,5,25,0,0,0,0,0
5048,1983,1.307118654,11,6,36,0,0,1,0,0
5048,1984,1.492502809,11,7,49,0,0,1,0,0
5048,1985,1.69290483,11,8,64,0,0,1,0,0
5048,1986,2.027793169,11,9,81,0,0,0,0,0
5048,1987,2.344943285,11,10,100,0,0,0,0,0
5122,1980,0.8747410178,12,3,9,0,0,1,0,0
5122,1981,1.699294209,12,4,16,0,0,1,0,0
5122,1982,2.042723894,12,5,25,0,0,1,0,0
5122,1983,1.970532537,12,6,36,0,0,1,0,0
5122,1984,2.288682222,12,7,49,0,0,1,0,0
5122,1985,1.989663482,12,8,64,0,0,1,0,0
5122,1986,1.954734325,12,9,81,0,0,1,0,0
5122,1987,1.859541655,12,10,100,0,0,1,0,0
5141,1980,2.154514074,12,2,4,0,0,1,0,1
5141,1981,1.900458932,12,3,9,0,0,1,0,1
5141,1982,2.017406225,12,4,16,0,0,1,0,1
5141,1983,1.184428334,12,5,25,0,0,1,0,1
5141,1984,1.390642524,12,6,36,0,0,1,0,1
5141,1985,2.296205521,12,7,49,0,0,1,0,1
5141,1986,2.321258307,12,8,64,0,0,1,0,1
5141,1987,2.350827456,12,9,81,0,0,1,0,1
5147,1980,2.055939913,12,4,16,1,0,1,0,1
5147,1981,2.129051924,12,5,25,0,0,1,0,1
5147,1982,2.278132439,12,6,36,1,0,1,0,1
5147,1983,2.05391407,12,7,49,1,0,1,0,1
5147,1984,1.866687775,12,8,64,1,0,1,0,1
5147,1985,2.334869146,12,9,81,1,0,1,0,1
5147,1986,2.531662941,12,10,100,1,0,1,0,1
5147,1987,2.466854334,12,11,121,1,0,0,0,1
5158,1980,1.82369256,11,3,9,0,0,0,0,0
5158,1981,1.817077279,11,4,16,0,0,1,0,0
5158,1982,1.580850482,11,5,25,0,0,1,0,0
5158,1983,1.737630248,11,6,36,0,0,1,0,0
5158,1984,2.073940992,11,7,49,0,0,0,0,0
5158,1985,1.784791827,11,8,64,0,0,0,0,0
5158,1986,1.799961448,11,9,81,0,0,0,0,0
5158,1987,2.176106215,11,10,100,0,0,0,0,0
5221,1980,1.374714613,14,3,9,0,0,0,0,1
5221,1981,1.609437943,14,4,16,1,0,0,0,1
5221,1982,1.547402501,14,5,25,1,0,1,0,1
5221,1983,1.591878653,14,6,36,1,0,1,0,1
5221,1984,1.800329447,14,7,49,0,0,1,0,1
5221,1985,1.82002902,14,8,64,0,0,1,0,1
5221,1986,1.799961448,14,9,81,1,0,1,0,1
5221,1987,2.362335205,14,10,100,0,0,0,0,1
5223,1980,1.541164517,12,3,9,0,0,0,0,0
5223,1981,1.805604935,12,4,16,0,0,0,0,0
5223,1982,1.975682259,12,5,25,0,0,0,0,0
5223,1983,1.79193902,12,6,36,0,0,0,0,0
5223,1984,1.855316639,12,7,49,0,0,0,0,0
5223,1985,1.275378108,12,8,64,0,0,0,0,0
5223,1986,1.557581067,12,9,81,0,0,0,0,0
5223,1987,1.13464582,12,10,100,0,0,0,0,0
5227,1980,2.691193104,12,5,25,0,0,0,0,0
5227,1981,0.4462870955,12,6,36,0,0,0,0,0
5227,1982,1.547402501,12,7,49,0,0,0,0,0
5227,1983,1.727120996,12,8,64,1,0,0,0,0
5227,1984,1.073019743,12,9,81,0,0,0,0,0
5227,1985,1.77078104,12,10,100,0,0,0,0,0
5227,1986,2.030622005,12,11,121,0,0,1,0,0
5227,1987,1.907598972,12,12,144,0,0,1,0,0
5248,1980,1.137844682,14,2,4,0,0,0,0,0
5248,1981,1.089581728,14,3,9,0,0,0,0,0
5248,1982,2.030118227,14,4,16,0,0,0,0,0
5248,1983,1.044561982,14,5,25,1,0,0,0,0
5248,1984,1.129769921,14,6,36,0,0,0,0,0
5248,1985,1.195634365,14,7,49,0,0,0,0,0
5248,1986,1.574935079,14,8,64,0,0,0,0,0
5248,1987,1.907198429,14,9,81,0,0,1,0,0
5252,1980,0.4112994075,10,2,4,0,0,0,0,0
5252,1981,1.683545828,10,3,9,0,0,0,0,0
5252,1982,1.279444933,10,4,16,0,0,0,0,0
5252,1983,1.598119855,10,5,25,0,0,1,0,0
5252,1984,1.232993364,10,6,36,1,0,1,0,0
5252,1985,1.472288132,10,7,49,0,0,1,0,0
5252,1986,1.219801068,10,8,64,0,0,1,0,0
5252,1987,1.669187903,10,9,81,0,0,1,0,0
5263,1980,1.630321145,14,3,9,0,0,0,0,0
5263,1981,1.593933702,14,4,16,0,0,1,0,0
5263,1982,1.656601787,14,5,25,0,0,1,0,0
5263,1983,1.786034703,14,6,36,0,0,1,0,0
5263,1984,1.603409052,14,7,49,0,0,1,0,0
5263,1985,1.67849803,14,8,64,0,0,1,0,0
5263,1986,1.851254702,14,9,81,0,0,1,0,0
5263,1987,1.529425979,14,10,100,0,0,1,0,0
5274,1980,1.665730238,12,2,4,0,0,0,0,0
5274,1981,2.900422096,12,3,9,0,0,1,0,0
5274,1982,1.764315486,12,4,16,0,0,1,0,0
5274,1983,1.339217782,12,5,25,0,0,1,0,0
5274,1984,1.533065915,12,6,36,0,0,1,0,0
5274,1985,1.79721427,12,7,49,0,0,1,0,0
5274,1986,1.689168572,12,8,64,0,0,1,0,0
5274,1987,3.312527418,12,9,81,1,0,1,0,0
5335,1980,1.447999597,12,3,9,0,0,0,0,0
5335,1981,1.817077279,12,4,16,0,0,1,0,0
5335,1982,1.755041838,12,5,25,0,0,1,0,0
5335,1983,1.453232169,12,6,36,0,0,1,0,0
5335,1984,1.492420554,12,7,49,0,0,1,0,0
5335,1985,1.053294778,12,8,64,0,0,1,0,0
5335,1986,1.502709866,12,9,81,0,0,1,0,0
5335,1987,1.483784676,12,10,100,1,0,1,0,0
5345,1980,1.516207814,12,2,4,0,0,0,0,0
5345,1981,0.8209805489,12,3,9,0,0,0,0,0
5345,1982,1.256050706,12,4,16,0,0,0,0,0
5345,1983,1.109857678,12,5,25,0,0,0,0,0
5345,1984,1.394864321,12,6,36,0,0,0,0,0
5345,1985,1.420649171,12,7,49,0,0,0,0,0
5345,1986,1.977486849,12,8,64,0,0,0,0,0
5345,1987,1.963838696,12,9,81,0,0,1,0,0
5359,1980,0.2440267652,12,4,16,0,0,0,0,0
5359,1981,1.000914693,12,5,25,0,0,0,0,0
5359,1982,0.9820343852,12,6,36,0,0,0,0,0
5359,1983,1.060433745,12,7,49,0,0,0,0,0
5359,1984,1.024893522,12,8,64,0,0,0,0,0
5359,1985,1.099070907,12,9,81,0,0,0,0,0
5359,1986,1.281427979,12,10,100,0,0,0,0,0
5359,1987,1.121921062,12,11,121,0,0,0,0,0
5368,1980,1.117426634,12,1,1,0,0,0,0,0
5368,1981,0.7532510757,12,2,4,0,0,0,0,0
5368,1982,1.300583124,12,3,9,0,0,1,0,0
5368,1983,1.45369184,12,4,16,0,0,1,0,0
5368,1984,1.504760027,12,5,25,0,0,1,0,0
5368,1985,1.485659838,12,6,36,0,0,1,0,0
5368,1986,1.601323843,12,7,49,0,0,1,0,0
5368,1987,1.506669044,12,8,64,0,0,1,0,0
5377,1980,1.528042316,12,2,4,0,0,0,0,0
5377,1981,1.632252574,12,3,9,0,0,0,0,0
5377,1982,1.6356951,12,4,16,0,0,0,0,0
5377,1983,1.725410104,12,5,25,0,0,0,0,0
5377,1984,1.50929606,12,6,36,0,0,0,0,0
5377,1985,1.490893245,12,7,49,0,0,0,0,0
5377,1986,1.563572645,12,8,64,0,0,0,0,0
5377,1987,1.524606705,12,9,81,0,0,0,0,0
5390,1980,1.599236369,14,2,4,0,0,1,0,0
5390,1981,1.323710918,14,3,9,0,0,1,0,0
5390,1982,1.517035007,14,4,16,0,0,1,0,0
5390,1983,1.463785768,14,5,25,0,0,1,0,0
5390,1984,1.55750227,14,6,36,0,0,1,0,0
5390,1985,1.583134294,14,7,49,0,0,1,0,0
5390,1986,1.572749257,14,8,64,0,0,1,0,0
5390,1987,1.607494354,14,9,81,0,0,1,0,0
5419,1980,0.6518986225,11,2,4,0,0,0,0,0
5419,1981,0.9135168195,11,3,9,0,0,0,0,0
5419,1982,0.6535846591,11,4,16,0,0,0,0,0
5419,1983,1.195536256,11,5,25,0,1,0,0,0
5419,1984,1.626085877,11,6,36,0,1,0,0,0
5419,1985,1.819571257,11,7,49,0,1,0,0,0
5419,1986,1.936412573,11,8,64,1,0,1,0,0
5419,1987,2.008277893,11,9,81,1,0,1,0,0
5435,1980,1.119495511,11,2,4,0,0,0,0,0
5435,1981,1.260980844,11,3,9,0,0,0,0,0
5435,1982,1.193230748,11,4,16,0,0,0,0,0
5435,1983,1.2038728,11,5,25,0,0,1,0,0
5435,1984,1.399324298,11,6,36,0,0,1,0,0
5435,1985,1.290794015,11,7,49,0,0,1,0,0
5435,1986,1.280709863,11,8,64,0,0,1,0,0
5435,1987,1.301463127,11,9,81,0,0,1,0,0
5437,1980,1.562142968,12,2,4,0,0,1,0,0
5437,1981,1.468570709,12,3,9,0,0,1,0,0
5437,1982,1.297460794,12,4,16,0,0,1,0,0
5437,1983,1.296784639,12,5,25,0,0,1,0,0
5437,1984,1.450801492,12,6,36,0,0,1,0,0
5437,1985,1.522143126,12,7,49,0,0,1,0,0
5437,1986,1.614380956,12,8,64,0,0,1,0,0
5437,1987,1.830967188,12,9,81,0,0,1,0,0
5497,1980,1.339523077,12,2,4,0,0,1,0,0
5497,1981,1.486835599,12,3,9,0,0,1,0,0
5497,1982,1.520969272,12,4,16,0,0,1,0,0
5497,1983,1.407396555,12,5,25,0,0,1,0,0
5497,1984,1.324928045,12,6,36,0,0,1,0,0
5497,1985,1.387895584,12,7,49,0,0,1,0,0
5497,1986,1.623736501,12,8,64,0,0,1,0,0
5497,1987,1.390474558,12,9,81,0,0,1,0,0
5525,1980,1.093605161,8,5,25,0,0,0,0,0
5525,1981,1.41275239,8,6,36,0,0,0,0,0
5525,1982,1.2354635,8,7,49,0,0,0,0,0
5525,1983,1.299400449,8,8,64,0,0,0,0,0
5525,1984,1.033850908,8,9,81,0,0,1,0,0
5525,1985,1.323134303,8,10,100,0,0,1,0,0
5525,1986,1.550149679,8,11,121,0,0,1,0,0
5525,1987,1.563827395,8,12,144,0,0,1,0,0
5529,1980,1.26407671,10,4,16,0,0,1,0,0
5529,1981,1.339337349,10,5,25,0,0,1,0,0
5529,1982,1.725269675,10,6,36,0,0,1,0,0
5529,1983,1.597813487,10,7,49,0,0,1,0,0
5529,1984,1.698050618,10,8,64,0,0,1,0,0
5529,1985,1.765961766,10,9,81,0,0,1,0,0
5529,1986,2.004764557,10,10,100,0,0,1,0,0
5529,1987,2.036268711,10,11,121,0,0,1,0,0
5531,1980,1.648328424,12,5,25,0,0,0,0,0
5531,1981,1.535329938,12,6,36,0,0,0,0,0
5531,1982,1.530608892,12,7,49,0,0,0,0,0
5531,1983,1.830058575,12,8,64,0,0,0,0,0
5531,1984,2.057706118,12,9,81,0,0,1,0,0
5531,1985,2.23596549,12,10,100,0,0,1,0,0
5531,1986,2.393579006,12,11,121,0,0,1,0,0
5531,1987,2.176931858,12,12,144,0,0,1,0,0
5579,1980,1.288369417,10,2,4,0,0,0,0,0
5579,1981,1.512708306,10,3,9,0,0,0,0,0
5579,1982,1.265990019,10,4,16,0,0,0,0,0
5579,1983,1.350716591,10,5,25,0,0,0,0,0
5579,1984,1.474907041,10,6,36,0,0,1,0,0
5579,1985,1.482772112,10,7,49,0,0,1,0,0
5579,1986,1.563572645,10,8,64,0,0,1,0,0
5579,1987,1.628365874,10,9,81,0,0,1,0,0
5588,1980,1.412318945,9,8,64,0,0,0,0,0
5588,1981,1.984131336,9,9,81,0,0,1,0,0
5588,1982,1.669519663,9,10,100,0,0,1,0,0
5588,1983,1.138881087,9,11,121,0,0,1,0,0
5588,1984,1.474291444,9,12,144,0,0,1,0,0
5588,1985,1.477152824,9,13,169,0,0,1,0,0
5588,1986,2.688983202,9,14,196,0,0,1,0,0
5588,1987,1.368433714,9,15,225,1,0,1,0,0
5599,1980,1.998045921,14,2,4,0,0,0,0,0
5599,1981,1.609437943,14,3,9,0,1,1,0,0
5599,1982,1.691572309,14,4,16,0,1,1,0,0
5599,1983,1.875496626,14,5,25,0,1,1,0,0
5599,1984,1.778123379,14,6,36,0,0,1,0,0
5599,1985,1.872391224,14,7,49,0,1,1,0,0
5599,1986,1.782618046,14,8,64,0,1,1,0,0
5599,1987,1.822239041,14,9,81,0,0,1,0,0
5650,1980,1.178510785,11,2,4,0,0,0,0,0
5650,1981,1.427116394,11,3,9,1,0,0,0,0
5650,1982,1.426977515,11,4,16,0,0,0,0,0
5650,1983,1.656075358,11,5,25,1,0,0,0,0
5650,1984,1.879479647,11,6,36,0,0,0,0,0
5650,1985,1.632911325,11,7,49,0,0,1,0,0
5650,1986,1.784045935,11,8,64,0,0,1,0,0
5650,1987,1.581482291,11,9,81,1,0,1,0,0
5660,1980,1.845682859,12,2,4,0,0,1,0,0
5660,1981,1.785476685,12,3,9,0,0,1,0,0
5660,1982,2.006314039,12,4,16,0,0,1,0,0
5660,1983,1.949390054,12,5,25,0,0,1,0,0
5660,1984,2.017014027,12,6,36,0,0,1,0,0
5660,1985,1.957905531,12,7,49,0,0,0,0,0
5660,1986,1.983335853,12,8,64,0,0,0,0,0
5660,1987,2.030977964,12,9,81,0,0,0,0,0
5665,1980,1.429768085,14,3,9,0,0,0,0,0
5665,1981,1.294197917,14,4,16,0,0,0,0,0
5665,1982,1.585142851,14,5,25,0,0,0,0,0
5665,1983,1.341880083,14,6,36,1,0,0,0,0
5665,1984,1.256319284,14,7,49,1,0,0,0,0
5665,1985,1.180581808,14,8,64,0,0,0,0,0
5665,1986,1.165345192,14,9,81,0,0,0,0,0
5665,1987,1.276145339,14,10,100,1,0,0,0,0
5666,1980,1.676230788,14,1,1,0,0,0,0,0
5666,1981,1.500957251,14,2,4,0,0,0,0,0
5666,1982,1.690503359,14,3,9,0,0,1,0,0
5666,1983,1.669320583,14,4,16,0,0,1,0,0
5666,1984,1.682546377,14,5,25,0,0,1,0,0
5666,1985,1.910542965,14,6,36,0,0,1,0,0
5666,1986,1.884244919,14,7,49,0,0,1,0,0
5666,1987,2.189983606,14,8,64,0,0,1,0,0
5698,1980,1.712971449,12,4,16,0,0,0,0,0
5698,1981,1.810108662,12,5,25,0,0,1,0,0
5698,1982,1.467359781,12,6,36,1,0,1,0,0
5698,1983,1.740914226,12,7,49,1,0,1,0,0
5698,1984,1.71331799,12,8,64,1,0,1,0,0
5698,1985,2.133686543,12,9,81,1,0,1,0,0
5698,1986,2.074398279,12,10,100,1,0,1,0,0
5698,1987,2.112393379,12,11,121,1,0,1,0,0
5699,1980,1.829710603,13,2,4,0,0,0,0,0
5699,1981,1.934860349,13,3,9,0,0,1,0,0
5699,1982,1.863255501,13,4,16,0,0,1,0,0
5699,1983,1.560058594,13,5,25,0,0,1,0,0
5699,1984,1.928679466,13,6,36,0,0,1,0,0
5699,1985,1.981323242,13,7,49,0,0,1,0,0
5699,1986,2.058657408,13,8,64,0,0,1,0,0
5699,1987,2.148761034,13,9,81,0,0,1,0,0
5731,1980,1.204925656,11,3,9,1,0,1,0,1
5731,1981,1.018569589,11,4,16,0,0,1,0,1
5731,1982,1.314597011,11,5,25,0,0,1,0,1
5731,1983,1.470517874,11,6,36,0,0,1,0,1
5731,1984,1.445478201,11,7,49,0,0,1,0,1
5731,1985,1.708803415,11,8,64,0,0,1,0,1
5731,1986,2.381882906,11,9,81,0,0,1,0,1
5731,1987,1.589145184,11,10,100,1,0,1,0,1
5750,1980,1.048965335,11,5,25,1,0,1,0,1
5750,1981,1.278187633,11,6,36,1,0,1,0,1
5750,1982,1.663936377,11,7,49,0,0,1,0,1
5750,1983,1.637117505,11,8,64,1,0,1,0,1
5750,1984,1.844827175,11,9,81,1,0,1,0,1
5750,1985,1.920112491,11,10,100,0,0,1,0,1
5750,1986,2.321258307,11,11,121,0,0,1,0,1
5750,1987,2.07465291,11,12,144,0,0,1,0,1
5755,1980,1.302817583,10,4,16,1,0,1,0,1
5755,1981,1.386294365,10,5,25,0,0,1,0,1
5755,1982,1.134215355,10,6,36,0,1,1,0,1
5755,1983,1.843193173,10,7,49,0,0,1,0,1
5755,1984,1.954480052,10,8,64,0,1,1,0,1
5755,1985,1.920112491,10,9,81,0,0,1,0,1
5755,1986,1.923575401,10,10,100,1,1,1,0,1
5755,1987,1.907598972,10,11,121,0,0,1,0,1
5772,1980,-0.8876854777,9,4,16,0,0,1,0,1
5772,1981,1.232143641,9,5,25,0,0,1,0,1
5772,1982,1.349576831,9,6,36,0,0,1,0,1
5772,1983,1.624675632,9,7,49,0,0,1,0,1
5772,1984,1.6297158,9,8,64,0,0,1,0,1
5772,1985,2.34538269,9,9,81,0,0,1,0,1
5772,1986,0.991941452,9,10,100,0,0,1,0,1
5772,1987,1.568544388,9,11,121,0,0,1,0,1
5816,1980,1.268728375,12,3,9,0,0,0,0,1
5816,1981,1.588235736,12,4,16,0,0,0,0,1
5816,1982,1.363681436,12,5,25,0,0,0,0,1
5816,1983,1.457233548,12,6,36,0,0,1,0,1
5816,1984,1.379596829,12,7,49,0,0,1,0,1
5816,1985,1.08099556,12,8,64,0,0,1,0,1
5816,1986,1.379649878,12,9,81,0,0,1,0,1
5816,1987,1.455613852,12,10,100,0,0,1,0,1
5823,1980,1.129545808,11,3,9,0,0,0,0,1
5823,1981,0.9640814066,11,4,16,0,0,0,0,1
5823,1982,1.258171201,11,5,25,1,0,0,0,1
5823,1983,1.150045991,11,6,36,0,0,0,0,1
5823,1984,1.474907041,11,7,49,0,0,0,0,1
5823,1985,1.514647365,11,8,64,0,0,0,0,1
5823,1986,1.280709863,11,9,81,0,0,0,0,1
5823,1987,1.21342206,11,10,100,0,0,0,0,1
5851,1980,-1.113821983,13,1,1,0,0,0,0,1
5851,1981,1.501592755,13,2,4,0,0,0,0,1
5851,1982,1.175838947,13,3,9,0,0,0,0,1
5851,1983,1.491690993,13,4,16,0,0,0,0,1
5851,1984,1.864867926,13,5,25,0,1,0,0,1
5851,1985,1.764589071,13,6,36,0,1,0,0,1
5851,1986,1.813514352,13,7,49,0,1,0,0,1
5851,1987,1.952050686,13,8,64,0,0,0,0,1
5857,1980,0.4346519411,12,2,4,0,0,0,0,1
5857,1981,1.77032423,12,3,9,0,0,0,0,1
5857,1982,1.813105702,12,4,16,0,0,0,0,1
5857,1983,1.843193173,12,5,25,0,1,0,0,1
5857,1984,1.854396582,12,6,36,0,1,0,0,1
5857,1985,1.82002902,12,7,49,0,1,0,0,1
5857,1986,1.638656139,12,8,64,0,1,0,0,1
5857,1987,1.881586909,12,9,81,0,1,0,0,1
5859,1980,1.222404003,15,2,4,0,0,1,0,0
5859,1981,2.322003126,15,3,9,0,0,1,0,0
5859,1982,1.870033622,15,4,16,0,0,1,0,0
5859,1983,1.124415636,15,5,25,0,0,1,0,0
5859,1984,1.363985062,15,6,36,0,0,1,0,0
5859,1985,1.811603069,15,7,49,0,0,1,0,0
5859,1986,1.843591809,15,8,64,0,0,1,0,0
5859,1987,1.781983376,15,9,81,0,0,1,0,0
6016,1980,1.85679245,12,2,4,0,0,0,0,1
6016,1981,1.824611306,12,3,9,0,0,0,0,1
6016,1982,1.887069702,12,4,16,0,0,0,0,1
6016,1983,1.928350925,12,5,25,0,0,0,0,1
6016,1984,2.088011503,12,6,36,0,0,0,0,1
6016,1985,2.053643942,12,7,49,0,0,0,0,1
6016,1986,2.113619089,12,8,64,0,0,0,0,1
6016,1987,2.148761034,12,9,81,0,0,0,0,1
6020,1980,0.6763840318,10,4,16,0,0,0,1,0
6020,1981,0.5407809019,10,5,25,0,0,0,1,0
6020,1982,0.1950097084,10,6,36,0,0,0,1,0
6020,1983,0.3826313615,10,7,49,0,0,0,1,0
6020,1984,1.104257345,10,8,64,0,0,0,1,0
6020,1985,1.066374183,10,9,81,0,0,0,1,0
6020,1986,1.202443361,10,10,100,0,0,0,1,0
6020,1987,1.0461905,10,11,121,0,0,0,1,0
6025,1980,0.7742704749,10,3,9,0,0,0,1,0
6025,1981,0.2893501222,10,4,16,0,0,0,1,0
6025,1982,0.906488955,10,5,25,0,0,0,1,0
6025,1983,0.3391157389,10,6,36,1,0,1,1,0
6025,1984,1.212542772,10,7,49,1,0,1,1,0
6025,1985,1.502414823,10,8,64,1,1,1,1,0
6025,1986,1.277093172,10,9,81,0,0,0,1,0
6025,1987,-0.1910087168,10,10,100,1,0,0,1,0
6056,1980,1.091324568,12,2,4,0,0,0,1,0
6056,1981,0.9202046394,12,3,9,0,0,0,1,0
6056,1982,1.061894655,12,4,16,0,0,0,1,0
6056,1983,1.21458447,12,5,25,0,0,0,1,0
6056,1984,1.357123971,12,6,36,0,0,0,1,0
6056,1985,0.4206551313,12,7,49,0,0,0,1,0
6056,1986,1.268395901,12,8,64,0,0,0,1,0
6056,1987,1.380505323,12,9,81,0,0,0,1,0
6094,1980,1.76134944,13,4,16,1,0,0,1,0
6094,1981,1.91238749,13,5,25,0,0,0,1,0
6094,1982,1.459234357,13,6,36,0,0,0,1,0
6094,1983,1.318136692,13,7,49,0,0,1,1,0
6094,1984,1.306778908,13,8,64,0,0,1,1,0
6094,1985,1.684736371,13,9,81,1,0,1,1,0
6094,1986,1.757560849,13,10,100,0,0,1,1,0
6094,1987,1.534378886,13,11,121,0,0,1,1,0
6186,1980,1.190870404,12,2,4,0,0,0,1,0
6186,1981,1.748939514,12,3,9,0,0,0,1,0
6186,1982,1.894471288,12,4,16,0,0,1,1,0
6186,1983,1.725410104,12,5,25,0,0,1,1,0
6186,1984,1.644806027,12,6,36,0,0,1,1,0
6186,1985,1.75164175,12,7,49,0,0,1,1,0
6186,1986,1.773293138,12,8,64,0,0,1,1,0
6186,1987,1.99461031,12,9,81,0,0,1,1,0
6395,1980,1.328731179,9,7,49,0,0,0,1,0
6395,1981,1.595333338,9,8,64,0,0,1,1,0
6395,1982,1.762513876,9,9,81,0,0,1,1,0
6395,1983,1.85213995,9,10,100,0,0,1,1,0
6395,1984,1.920578599,9,11,121,0,0,1,1,0
6395,1985,1.966632485,9,12,144,0,0,1,1,0
6395,1986,1.991016626,9,13,169,0,0,1,1,0
6395,1987,1.973556876,9,14,196,0,0,1,1,0
6430,1980,1.258757591,11,5,25,0,0,0,1,0
6430,1981,1.418043017,11,6,36,1,0,0,1,0
6430,1982,1.179677725,11,7,49,1,0,0,1,0
6430,1983,1.720813632,11,8,64,1,0,0,1,0
6430,1984,1.450214386,11,9,81,1,0,0,1,0
6430,1985,1.44053936,11,10,100,1,0,0,1,0
6430,1986,1.420471787,11,11,121,1,0,0,1,0
6430,1987,1.706928253,11,12,144,1,0,0,1,0
6446,1980,1.630321145,11,2,4,1,0,1,0,0
6446,1981,1.641973734,11,3,9,1,0,1,0,0
6446,1982,1.64968133,11,4,16,1,1,1,0,0
6446,1983,1.712831259,11,5,25,1,0,1,0,0
6446,1984,1.954480052,11,6,36,0,0,1,0,0
6446,1985,1.966632485,11,7,49,1,1,0,0,0
6446,1986,2.16970849,11,8,64,0,1,1,0,0
6446,1987,2.07465291,11,9,81,1,0,1,0,0
6463,1980,1.228709579,5,7,49,0,0,0,0,0
6463,1981,1.542746544,5,8,64,0,0,0,0,0
6463,1982,0.8200609684,5,9,81,0,0,0,0,0
6463,1983,0.6527732611,5,10,100,0,0,1,0,0
6463,1984,0.9152912498,5,11,121,0,0,1,0,0
6463,1985,1.278431773,5,12,144,0,0,1,0,0
6463,1986,1.259203672,5,13,169,0,0,1,0,0
6463,1987,1.586434007,5,14,196,0,0,1,0,0
6558,1980,2.190949678,15,2,4,1,0,0,0,0
6558,1981,2.020018101,15,3,9,0,0,0,0,0
6558,1982,1.864072084,15,4,16,0,0,1,0,0
6558,1983,1.897260308,15,5,25,0,0,1,0,0
6558,1984,2.001000166,15,6,36,0,0,1,0,0
6558,1985,2.094465733,15,7,49,0,0,1,0,0
6558,1986,2.15135932,15,8,64,0,0,1,0,0
6558,1987,2.148761034,15,9,81,0,0,1,0,0
6559,1980,1.471381664,15,2,4,0,0,0,0,0
6559,1981,1.403838634,15,3,9,0,0,1,0,0
6559,1982,1.402902126,15,4,16,0,0,1,0,0
6559,1983,1.893410802,15,5,25,0,0,1,0,0
6559,1984,1.999635577,15,6,36,0,0,1,0,0
6559,1985,2.086433649,15,7,49,0,0,1,0,0
6559,1986,2.15135932,15,8,64,0,0,1,0,0
6559,1987,2.112393379,15,9,81,0,0,1,0,0
6561,1980,1.791285872,15,2,4,0,0,0,0,0
6561,1981,2.005008936,15,3,9,0,0,0,0,0
6561,1982,2.083545923,15,4,16,0,0,0,0,0
6561,1983,2.188842058,15,5,25,0,0,0,0,0
6561,1984,2.226161718,15,6,36,0,0,1,0,0
6561,1985,2.293535233,15,7,49,0,0,1,0,0
6561,1986,2.281570673,15,8,64,0,0,1,0,0
6561,1987,2.494853735,15,9,81,0,0,1,0,0
6574,1980,1.401870966,12,4,16,1,0,0,1,0
6574,1981,1.241713166,12,5,25,1,0,0,1,0
6574,1982,1.218898416,12,6,36,1,0,0,1,0
6574,1983,1.437728047,12,7,49,1,0,0,1,0
6574,1984,1.271966219,12,8,64,1,0,0,1,0
6574,1985,0.8215001822,12,9,81,1,0,0,1,0
6574,1986,1.292638421,12,10,100,1,0,0,1,0
6574,1987,1.253672481,12,11,121,1,0,1,1,0
6648,1980,2.361800432,12,2,4,1,0,0,1,0
6648,1981,1.969398141,12,3,9,0,0,0,1,0
6648,1982,2.11794734,12,4,16,1,0,0,1,0
6648,1983,2.088315487,12,5,25,1,0,0,1,0
6648,1984,2.522297144,12,6,36,1,0,0,1,0
6648,1985,1.662939191,12,7,49,0,0,0,1,0
6648,1986,1.918696046,12,8,64,0,0,0,1,0
6648,1987,1.503202796,12,9,81,1,0,0,1,0
6813,1980,1.342639089,12,3,9,1,0,0,1,0
6813,1981,1.347073674,12,4,16,0,0,0,1,0
6813,1982,1.467359781,12,5,25,0,0,0,1,0
6813,1983,1.437728047,12,6,36,1,0,0,1,0
6813,1984,1.474907041,12,7,49,1,0,0,1,0
6813,1985,1.44053936,12,8,64,1,0,0,1,0
6813,1986,1.563572645,12,9,81,1,0,0,1,0
6813,1987,1.649769783,12,10,100,1,0,0,1,0
6824,1980,1.041834235,12,4,16,1,0,1,0,1
6824,1981,1.683545828,12,5,25,1,0,1,0,1
6824,1982,1.467359781,12,6,36,1,0,1,0,1
6824,1983,1.517770767,12,7,49,1,0,1,0,1
6824,1984,1.549015045,12,8,64,1,0,1,0,1
6824,1985,1.82002902,12,9,81,1,0,1,0,1
6824,1986,1.851254702,12,10,100,1,0,1,0,1
6824,1987,1.861078978,12,11,121,1,0,0,0,1
6888,1980,0.9247514009,10,7,49,0,0,0,0,1
6888,1981,0.9890447259,10,8,64,1,0,0,0,1
6888,1982,0.7742126584,10,9,81,0,0,0,0,1
6888,1983,1.049504757,10,10,100,0,0,0,0,1
6888,1984,1.529966831,10,11,121,0,0,0,0,1
6888,1985,1.708803415,10,12,144,0,0,1,0,1
6888,1986,1.727956533,10,13,169,0,0,1,0,1
6888,1987,1.701063156,10,14,196,0,0,1,0,1
6942,1980,1.311358929,10,3,9,1,0,0,0,1
6942,1981,1.276543498,10,4,16,0,0,0,0,1
6942,1982,1.862113237,10,5,25,0,0,0,0,1
6942,1983,1.757596731,10,6,36,0,0,0,0,1
6942,1984,1.720071554,10,7,49,0,0,0,0,1
6942,1985,1.765961766,10,8,64,0,0,0,0,1
6942,1986,1.927516699,10,9,81,0,0,0,0,1
6942,1987,1.952050686,10,10,100,0,0,1,0,1
6954,1980,1.860551,13,2,4,0,0,1,0,1
6954,1981,2.04889679,13,3,9,0,0,1,0,1
6954,1982,1.992834926,13,4,16,0,0,1,0,1
6954,1983,1.874445677,13,5,25,0,0,1,0,1
6954,1984,1.203502536,13,6,36,0,0,1,0,1
6954,1985,1.619740844,13,7,49,0,0,1,0,1
6954,1986,2.074398279,13,8,64,0,0,1,0,1
6954,1987,1.772866368,13,9,81,0,0,1,0,1
6955,1980,1.192349315,11,3,9,1,0,0,0,1
6955,1981,2.241362333,11,4,16,0,0,0,0,1
6955,1982,2.311621189,11,5,25,0,0,0,0,1
6955,1983,1.816002131,11,6,36,1,0,0,0,1
6955,1984,1.533093214,11,7,49,0,0,0,0,1
6955,1985,1.846897721,11,8,64,0,0,0,0,1
6955,1986,1.977043509,11,9,81,0,0,0,0,1
6955,1987,1.765871644,11,10,100,0,0,1,0,1
6964,1980,1.379506588,8,5,25,1,0,0,1,0
6964,1981,1.779336929,8,6,36,0,0,0,1,0
6964,1982,1.223149061,8,7,49,0,0,0,1,0
6964,1983,1.255406499,8,8,64,0,0,0,1,0
6964,1984,1.544433117,8,9,81,0,0,0,1,0
6964,1985,1.30109489,8,10,100,0,0,0,1,0
6964,1986,1.563572645,8,11,121,0,0,1,1,0
6964,1987,1.800216198,8,12,144,1,0,1,1,0
6987,1980,2.465829849,15,2,4,0,0,0,0,0
6987,1981,2.541476965,15,3,9,0,0,0,0,0
6987,1982,3.085833549,15,4,16,0,0,1,0,0
6987,1983,3.229487419,15,5,25,0,0,1,0,0
6987,1984,2.620471478,15,6,36,0,0,1,0,0
6987,1985,2.691429138,15,7,49,0,0,1,0,0
6987,1986,2.606379509,15,8,64,0,0,1,0,0
6987,1987,2.235651731,15,9,81,0,0,1,0,0
7025,1980,1.711405993,12,4,16,1,0,0,0,1
7025,1981,1.937419415,12,5,25,1,0,0,0,1
7025,1982,2.026975632,12,6,36,1,0,0,0,1
7025,1983,2.24865818,12,7,49,1,0,1,0,1
7025,1984,2.069253683,12,8,64,1,0,1,0,1
7025,1985,2.279271841,12,9,81,1,0,1,0,1
7025,1986,2.15135932,12,10,100,1,0,1,0,1
7025,1987,2.165307283,12,11,121,1,0,1,0,1
7043,1980,1.349392533,12,2,4,0,0,0,0,0
7043,1981,1.683545828,12,3,9,0,0,1,0,0
7043,1982,1.690503359,12,4,16,0,0,1,0,0
7043,1983,1.762224078,12,5,25,0,0,1,0,0
7043,1984,1.772158504,12,6,36,0,0,1,0,0
7043,1985,1.952072501,12,7,49,0,0,1,0,0
7043,1986,1.946564913,12,8,64,0,0,1,0,0
7043,1987,1.706928253,12,9,81,0,0,1,0,0
7060,1980,1.918003201,12,2,4,0,0,0,0,0
7060,1981,1.609437943,12,3,9,1,0,0,0,0
7060,1982,1.621510506,12,4,16,1,0,0,0,0
7060,1983,1.660871625,12,5,25,1,1,0,0,0
7060,1984,1.682546377,12,6,36,0,1,0,0,0
7060,1985,1.708803415,12,7,49,1,0,0,0,0
7060,1986,1.745894194,12,8,64,1,1,0,0,0
7060,1987,1.760995507,12,9,81,1,0,0,0,0
7087,1980,0.5567871332,11,2,4,0,0,0,1,0
7087,1981,1.028315902,11,3,9,0,0,0,1,0
7087,1982,1.008406043,11,4,16,0,0,0,1,0
7087,1983,0.9463204741,11,5,25,1,0,0,1,0
7087,1984,1.195068121,11,6,36,1,0,0,1,0
7087,1985,1.11078608,11,7,49,1,0,0,1,0
7087,1986,1.224699497,11,8,64,0,0,0,1,0
7087,1987,1.066363335,11,9,81,0,0,0,1,0
7238,1980,1.342639089,6,8,64,1,0,0,0,1
7238,1981,1.389872193,6,9,81,0,0,0,0,1
7238,1982,1.480263233,6,10,100,0,0,1,0,1
7238,1983,1.370134711,6,11,121,0,0,1,0,1
7238,1984,1.118544579,6,12,144,0,0,1,0,1
7238,1985,1.400486946,6,13,169,0,0,1,0,1
7238,1986,1.111385822,6,14,196,0,0,1,0,1
7238,1987,1.907598972,6,15,225,0,0,1,0,1
7279,1980,1.328155637,12,4,16,1,0,0,1,0
7279,1981,1.347073674,12,5,25,1,0,0,1,0
7279,1982,1.380348444,12,6,36,1,0,0,1,0
7279,1983,1.350716591,12,7,49,1,0,0,1,0
7279,1984,1.43568635,12,8,64,1,0,0,1,0
7279,1985,1.583640218,12,9,81,1,0,0,1,0
7279,1986,1.25341773,12,10,100,1,0,0,1,0
7279,1987,1.589145184,12,11,121,1,0,0,1,0
7342,1980,1.376055956,12,5,25,0,0,0,0,0
7342,1981,1.390223622,12,6,36,0,0,0,0,0
7342,1982,1.439328313,12,7,49,0,0,0,0,0
7342,1983,1.604782104,12,8,64,0,0,0,0,0
7342,1984,1.490174532,12,9,81,0,0,0,0,0
7342,1985,1.44053936,12,10,100,0,0,0,0,0
7342,1986,1.222646117,12,11,121,0,0,0,0,0
7342,1987,1.296298981,12,12,144,0,0,0,0,0
7343,1980,1.351479769,15,1,1,0,0,0,0,0
7343,1981,1.417183161,15,2,4,1,0,0,0,0
7343,1982,1.599518538,15,3,9,0,0,0,0,0
7343,1983,1.683882952,15,4,16,0,0,1,0,0
7343,1984,1.681777477,15,5,25,0,0,1,0,0
7343,1985,1.680153012,15,6,36,1,0,1,0,0
7343,1986,1.967356443,15,7,49,1,0,1,0,0
7343,1987,1.934488535,15,8,64,1,0,1,0,0
7411,1980,1.150748014,12,2,4,1,0,0,1,0
7411,1981,1.442322135,12,3,9,1,0,0,1,0
7411,1982,0.890752852,12,4,16,1,0,0,1,0
7411,1983,1.150268197,12,5,25,0,0,0,1,0
7411,1984,1.220672846,12,6,36,0,0,0,1,0
7411,1985,0.8875388503,12,7,49,0,0,0,1,0
7411,1986,1.409814477,12,8,64,1,1,1,1,0
7411,1987,1.589145184,12,9,81,1,1,1,1,0
7424,1980,1.289394498,11,1,1,0,0,0,0,1
7424,1981,1.408414483,11,2,4,0,0,0,0,1
7424,1982,1.666749239,11,3,9,1,0,0,0,1
7424,1983,2.172938585,11,4,16,1,0,0,0,1
7424,1984,1.892080188,11,5,25,1,1,0,0,1
7424,1985,2.460847378,11,6,36,1,0,1,0,1
7424,1986,2.401301146,11,7,49,1,0,0,0,1
7424,1987,2.404368401,11,8,64,1,1,0,0,1
7429,1980,1.939205408,8,6,36,0,0,1,0,0
7429,1981,1.307421088,8,7,49,1,0,0,0,0
7429,1982,1.420402884,8,8,64,0,0,0,0,0
7429,1983,0.556096971,8,9,81,0,0,0,0,0
7429,1984,1.404191494,8,10,100,0,0,0,0,0
7429,1985,1.743488908,8,11,121,0,0,0,0,0
7429,1986,1.478365779,8,12,144,0,0,0,0,0
7429,1987,1.462543368,8,13,169,0,0,0,0,0
7454,1980,1.38127923,15,2,4,0,0,0,1,0
7454,1981,1.660277605,15,3,9,0,0,0,1,0
7454,1982,1.828350544,15,4,16,0,0,0,1,0
7454,1983,1.98011148,15,5,25,0,0,0,1,0
7454,1984,2.153966665,15,6,36,0,0,0,1,0
7454,1985,2.090975523,15,7,49,0,0,0,1,0
7454,1986,2.125406981,15,8,64,0,0,0,1,0
7454,1987,2.169963121,15,9,81,0,0,0,1,0
7472,1980,1.315561414,10,3,9,1,0,0,0,1
7472,1981,1.372543216,10,4,16,0,0,1,0,1
7472,1982,1.482263207,10,5,25,0,0,1,0,1
7472,1983,1.591878653,10,6,36,0,0,1,0,1
7472,1984,1.682546377,10,7,49,0,1,1,0,1
7472,1985,1.414323568,10,8,64,1,0,1,0,1
7472,1986,1.937986374,10,9,81,0,0,1,0,1
7472,1987,2.035432339,10,10,100,1,0,1,0,1
7474,1980,1.339410782,12,2,4,0,0,0,1,0
7474,1981,1.934860349,12,3,9,1,0,0,1,0
7474,1982,1.210930228,12,4,16,1,0,0,1,0
7474,1983,0.9348980784,12,5,25,1,0,0,1,0
7474,1984,1.650820613,12,6,36,1,0,1,1,0
7474,1985,1.799448967,12,7,49,1,0,1,1,0
7474,1986,1.900044918,12,8,64,1,0,1,1,0
7474,1987,1.952050686,12,9,81,1,0,1,1,0
7509,1980,1.407177567,11,5,25,1,0,1,1,0
7509,1981,1.609437943,11,6,36,1,0,1,1,0
7509,1982,1.634920239,11,7,49,1,0,1,1,0
7509,1983,1.725410104,11,8,64,1,0,1,1,0
7509,1984,1.880372167,11,9,81,0,0,1,1,0
7509,1985,1.935892105,11,10,100,1,0,1,1,0
7509,1986,2.15135932,11,11,121,1,0,1,1,0
7509,1987,1.907598972,11,12,144,1,0,1,1,0
7539,1980,1.178336024,12,1,1,0,0,0,0,1
7539,1981,1.131652117,12,2,4,0,0,0,0,1
7539,1982,1.172242761,12,3,9,1,1,0,0,1
7539,1983,1.235203743,12,4,16,0,0,1,0,1
7539,1984,1.440804362,12,5,25,1,1,1,0,1
7539,1985,1.419756889,12,6,36,1,1,1,0,1
7539,1986,1.698937178,12,7,49,1,1,1,0,1
7539,1987,1.178565025,12,8,64,1,1,0,0,1
7769,1980,1.758373022,14,2,4,0,0,1,0,0
7769,1981,1.735064149,14,3,9,0,1,1,0,0
7769,1982,1.827362537,14,4,16,0,0,1,0,0
7769,1983,1.820720315,14,5,25,0,0,1,0,0
7769,1984,2.021791697,14,6,36,0,1,1,0,0
7769,1985,1.976682782,14,7,49,0,0,1,0,0
7769,1986,1.95661521,14,8,64,0,1,1,0,0
7769,1987,2.066069365,14,9,81,0,0,1,0,0
7783,1980,1.416451216,12,3,9,0,0,0,0,0
7783,1981,1.229290605,12,4,16,0,0,0,0,0
7783,1982,1.440792799,12,5,25,0,0,0,0,0
7783,1983,2.405623436,12,6,36,0,0,0,0,0
7783,1984,2.028292179,12,7,49,0,0,0,0,0
7783,1985,1.114162564,12,8,64,0,0,0,0,0
7783,1986,1.495195389,12,9,81,0,0,0,0,0
7783,1987,1.515037179,12,10,100,0,0,0,0,0
7784,1980,1.794139266,11,1,1,0,1,0,0,0
7784,1981,2.937463284,11,2,4,0,0,0,0,0
7784,1982,3.472706795,11,3,9,0,0,0,0,0
7784,1983,2.970510244,11,4,16,0,0,0,0,0
7784,1984,3.777492046,11,5,25,0,0,0,0,0
7784,1985,4.051859856,11,6,36,0,0,0,0,0
7784,1986,3.292909145,11,7,49,0,0,0,0,0
7784,1987,3.096304178,11,8,64,0,0,0,0,0
7801,1980,0.9040740132,13,1,1,0,0,0,1,0
7801,1981,1.187443495,13,2,4,0,0,0,1,0
7801,1982,0.8537072539,13,3,9,1,0,0,1,0
7801,1983,1.695104718,13,4,16,0,1,0,1,0
7801,1984,1.140349865,13,5,25,1,0,0,1,0
7801,1985,1.035074234,13,6,36,0,0,0,1,0
7801,1986,1.494579792,13,7,49,0,0,0,1,0
7801,1987,1.432799101,13,8,64,0,0,0,1,0
7824,1980,1.745914817,12,2,4,1,0,0,0,1
7824,1981,1.509673357,12,3,9,0,0,0,0,1
7824,1982,1.572720289,12,4,16,0,0,0,0,1
7824,1983,1.230088711,12,5,25,0,0,0,0,1
7824,1984,1.939223409,12,6,36,0,0,0,0,1
7824,1985,2.002110243,12,7,49,0,0,1,0,1
7824,1986,2.03357625,12,8,64,0,0,1,0,1
7824,1987,2.104253531,12,9,81,0,0,1,0,1
7874,1980,2.205955267,15,2,4,0,0,0,0,0
7874,1981,2.077270031,15,3,9,0,0,0,0,0
7874,1982,2.343089342,15,4,16,0,0,0,0,0
7874,1983,2.267007351,15,5,25,0,0,0,0,0
7874,1984,2.335847616,15,6,36,0,0,0,0,0
7874,1985,2.359915733,15,7,49,0,0,0,0,0
7874,1986,2.544401884,15,8,64,0,0,0,0,0
7874,1987,2.274247885,15,9,81,0,0,0,0,0
7887,1980,1.476082563,12,4,16,0,0,0,0,0
7887,1981,2.200802326,12,5,25,1,0,0,0,0
7887,1982,0.9582279325,12,6,36,0,0,0,0,0
7887,1983,1.965573668,12,7,49,0,0,0,0,0
7887,1984,1.636951685,12,8,64,0,0,1,0,0
7887,1985,1.6499089,12,9,81,0,0,1,0,0
7887,1986,1.943311453,12,10,100,0,0,1,0,0
7887,1987,2.017083168,12,11,121,0,0,1,0,0
7923,1980,2.222182035,12,5,25,0,1,1,1,0
7923,1981,2.244316101,12,6,36,1,1,0,1,0
7923,1982,2.160506964,12,7,49,1,1,0,1,0
7923,1983,2.21091795,12,8,64,1,1,0,1,0
7923,1984,2.343944788,12,9,81,1,0,0,1,0
7923,1985,2.416549444,12,10,100,1,1,0,1,0
7923,1986,2.410870552,12,11,121,1,1,0,1,0
7923,1987,2.357515812,12,12,144,1,1,1,1,0
7926,1980,1.841251731,12,5,25,1,0,1,0,1
7926,1981,1.7525388,12,6,36,1,0,1,0,1
7926,1982,1.815666556,12,7,49,1,0,1,0,1
7926,1983,1.843193173,12,8,64,1,0,1,0,1
7926,1984,1.800329447,12,9,81,1,0,1,0,1
7926,1985,1.765961766,12,10,100,0,0,1,0,1
7926,1986,1.851254702,12,11,121,1,0,1,0,1
7926,1987,1.733726382,12,12,144,1,0,1,0,1
8021,1980,1.396486044,15,2,4,0,0,0,0,0
8021,1981,1.583339214,15,3,9,0,0,0,0,0
8021,1982,1.916310072,15,4,16,0,0,0,0,0
8021,1983,1.899481773,15,5,25,0,0,0,0,0
8021,1984,2.15708518,15,6,36,0,0,0,0,0
8021,1985,2.207794428,15,7,49,0,0,0,0,0
8021,1986,2.300701857,15,8,64,0,0,0,0,0
8021,1987,2.682277918,15,9,81,0,0,0,0,0
8087,1980,2.035786152,12,3,9,0,0,0,0,1
8087,1981,1.906689405,12,4,16,0,0,0,0,1
8087,1982,2.215857029,12,5,25,0,0,0,0,1
8087,1983,0.3852568865,12,6,36,0,0,0,0,1
8087,1984,1.448720932,12,7,49,0,0,0,0,1
8087,1985,1.772392631,12,8,64,0,0,0,0,1
8087,1986,1.364382386,12,9,81,0,0,0,0,1
8087,1987,1.604649425,12,10,100,0,0,0,0,1
8089,1980,1.579027772,12,3,9,0,0,0,0,0
8089,1981,1.624705434,12,4,16,0,0,0,0,0
8089,1982,1.72972405,12,5,25,0,0,0,0,0
8089,1983,1.76584363,12,6,36,0,0,1,0,0
8089,1984,1.290984154,12,7,49,0,0,1,0,0
8089,1985,-0.8895563483,12,8,64,0,0,1,0,0
8089,1986,1.870672822,12,9,81,0,0,1,0,0
8089,1987,2.089920521,12,10,100,0,0,1,0,0
8090,1980,1.735681653,14,2,4,0,0,0,0,0
8090,1981,1.574070811,14,3,9,0,0,0,0,0
8090,1982,1.441595674,14,4,16,0,0,0,0,0
8090,1983,2.547255754,14,5,25,0,0,0,0,0
8090,1984,2.991472721,14,6,36,0,0,0,0,0
8090,1985,3.011443615,14,7,49,0,0,1,0,0
8090,1986,3.099274635,14,8,64,0,0,1,0,0
8090,1987,3.096661568,14,9,81,0,0,1,0,0
8096,1980,1.694859624,6,11,121,1,0,0,0,1
8096,1981,1.732547641,6,12,144,0,0,0,0,1
8096,1982,1.469596624,6,13,169,0,0,0,0,1
8096,1983,1.591878653,6,14,196,0,0,0,0,1
8096,1984,1.743170977,6,15,225,0,0,0,0,1
8096,1985,1.58178091,6,16,256,0,0,0,0,1
8096,1986,1.120367169,6,17,289,0,0,0,0,1
8096,1987,1.621685624,6,18,324,0,0,0,0,1
8106,1980,1.587961793,8,9,81,1,0,0,0,1
8106,1981,1.548813343,8,10,100,0,0,1,0,1
8106,1982,1.55053246,8,11,121,0,0,0,0,1
8106,1983,1.394949913,8,12,144,0,0,0,0,1
8106,1984,1.474907041,8,13,169,0,0,0,0,1
8106,1985,1.379914761,8,14,196,0,0,0,0,1
8106,1986,1.436220169,8,15,225,0,0,0,0,1
8106,1987,1.658000708,8,16,256,0,0,0,0,1
8107,1980,1.106671572,3,11,121,0,0,0,0,1
8107,1981,1.241713166,3,12,144,0,0,0,0,1
8107,1982,1.419569135,3,13,169,0,0,0,0,1
8107,1983,1.591878653,3,14,196,0,0,0,0,1
8107,1984,1.584907889,3,15,225,0,0,0,0,1
8107,1985,1.514647365,3,16,256,0,0,0,0,1
8107,1986,1.407226563,3,17,289,0,0,0,0,1
8107,1987,1.707802773,3,18,324,0,0,0,0,1
8142,1980,1.238758922,11,2,4,0,0,0,0,1
8142,1981,1.386294365,11,3,9,0,0,0,0,1
8142,1982,1.458991528,11,4,16,0,0,0,0,1
8142,1983,1.350716591,11,5,25,0,0,0,0,1
8142,1984,1.357123971,11,6,36,0,0,0,0,1
8142,1985,1.453962445,11,7,49,0,0,0,0,1
8142,1986,1.406287193,11,8,64,0,0,0,0,1
8142,1987,1.352756381,11,9,81,0,0,0,0,1
8168,1980,1.914512753,11,2,4,1,0,0,0,1
8168,1981,1.843052745,11,3,9,1,0,0,0,1
8168,1982,1.715125322,11,4,16,1,0,0,0,1
8168,1983,1.398005486,11,5,25,1,0,1,0,1
8168,1984,1.682546377,11,6,36,1,0,1,0,1
8168,1985,1.871322274,11,7,49,1,0,1,0,1
8168,1986,1.952794194,11,8,64,0,0,1,0,1
8168,1987,2.370432377,11,9,81,1,0,1,0,1
8173,1980,1.447999597,8,9,81,0,0,1,0,1
8173,1981,1.347073674,8,10,100,0,0,1,0,1
8173,1982,1.589627743,8,11,121,0,0,1,0,1
8173,1983,1.644960165,8,12,144,0,0,1,0,1
8173,1984,1.474907041,8,13,169,0,0,1,0,1
8173,1985,1.491524935,8,14,196,0,0,1,0,1
8173,1986,1.563572645,8,15,225,0,0,1,0,1
8173,1987,1.410776258,8,16,256,0,0,1,0,1
8203,1980,2.238261461,14,2,4,0,0,1,0,1
8203,1981,2.284885406,14,3,9,0,0,1,0,1
8203,1982,2.062142134,14,4,16,0,0,1,0,1
8203,1983,2.269025564,14,5,25,0,0,1,0,1
8203,1984,0.7837148905,14,6,36,0,0,1,0,1
8203,1985,3.23967886,14,7,49,0,0,1,0,1
8203,1986,2.397604227,14,8,64,0,0,1,0,1
8203,1987,3.221940517,14,9,81,0,0,1,0,1
8211,1980,0.4246670306,8,6,36,1,0,0,0,1
8211,1981,1.442383885,8,7,49,0,0,1,0,1
8211,1982,1.433595657,8,8,64,0,0,0,0,1
8211,1983,1.396141887,8,9,81,0,0,0,0,1
8211,1984,1.421181679,8,10,100,1,0,0,0,1
8211,1985,1.384125233,8,11,121,1,0,0,0,1
8211,1986,1.309657454,8,12,144,1,0,0,0,1
8211,1987,0.9716643691,8,13,169,0,0,0,0,1
8224,1980,1.950793028,12,5,25,0,0,0,1,0
8224,1981,1.915413141,12,6,36,0,0,0,1,0
8224,1982,1.938934565,12,7,49,0,0,0,1,0
8224,1983,2.154828548,12,8,64,0,0,0,1,0
8224,1984,1.179442763,12,9,81,0,0,0,1,0
8224,1985,1.397220492,12,10,100,0,0,0,1,0
8224,1986,1.812192559,12,11,121,1,0,0,1,0
8224,1987,2.072512388,12,12,144,1,0,0,1,0
8272,1980,1.824751854,10,3,9,0,0,1,0,1
8272,1981,1.971228004,10,4,16,1,0,1,0,1
8272,1982,2.333062172,10,5,25,1,0,1,0,1
8272,1983,2.24865818,10,6,36,1,0,1,0,1
8272,1984,2.135120392,10,7,49,1,0,1,0,1
8272,1985,2.368724823,10,8,64,1,0,1,0,1
8272,1986,2.34865737,10,9,81,1,0,1,0,1
8272,1987,2.344269991,10,10,100,0,0,1,0,1
8300,1980,1.442858219,12,0,0,0,0,0,0,1
8300,1981,1.420811892,12,1,1,0,0,0,0,1
8300,1982,1.690503359,12,2,4,0,0,0,0,1
8300,1983,1.64744854,12,3,9,1,0,0,0,1
8300,1984,1.954480052,12,4,16,1,0,0,0,1
8300,1985,1.871322274,12,5,25,0,0,0,0,1
8300,1986,2.005988359,12,6,36,1,0,0,0,1
8300,1987,1.673796177,12,7,49,1,0,0,0,1
8304,1980,1.779356718,12,2,4,0,0,0,0,1
8304,1981,1.699294209,12,3,9,0,0,0,0,1
8304,1982,1.637258887,12,4,16,0,0,0,0,1
8304,1983,1.668251634,12,5,25,0,0,0,0,1
8304,1984,1.682546377,12,6,36,0,0,1,0,1
8304,1985,1.596885443,12,7,49,0,0,1,0,1
8304,1986,1.682178378,12,8,64,0,0,1,0,1
8304,1987,1.834267616,12,9,81,1,0,1,0,1
8364,1980,1.415166378,11,3,9,0,0,0,0,1
8364,1981,1.557001948,11,4,16,0,0,1,0,1
8364,1982,2.057612658,11,5,25,0,0,1,0,1
8364,1983,1.351785541,11,6,36,0,0,1,0,1
8364,1984,1.387895584,11,7,49,1,0,1,0,1
8364,1985,1.425922275,11,8,64,0,0,1,0,1
8364,1986,1.520666838,11,9,81,0,0,1,0,1
8364,1987,1.524606705,11,10,100,0,1,1,0,1
8370,1980,1.964307785,12,3,9,0,0,0,0,0
8370,1981,2.030170441,12,4,16,1,0,0,0,0
8370,1982,2.073495626,12,5,25,1,0,0,0,0
8370,1983,2.043863773,12,6,36,0,0,0,0,0
8370,1984,2.088011503,12,7,49,1,0,1,0,0
8370,1985,2.133686543,12,8,64,1,0,1,0,0
8370,1986,2.113619089,12,9,81,0,0,1,0,0
8370,1987,1.952050686,12,10,100,1,0,1,0,0
8381,1980,1.027866364,10,2,4,0,0,0,0,1
8381,1981,0.9841681719,10,3,9,1,0,0,0,1
8381,1982,1.456472516,10,4,16,0,0,0,0,1
8381,1983,1.333714604,10,5,25,0,0,0,0,1
8381,1984,1.41755569,10,6,36,0,0,0,0,1
8381,1985,1.557206988,10,7,49,0,0,0,0,1
8381,1986,1.643181443,10,8,64,0,0,0,0,1
8381,1987,1.950716138,10,9,81,0,0,0,0,1
8388,1980,1.391246796,8,8,64,0,0,1,0,1
8388,1981,1.494303942,8,9,81,0,0,1,0,1
8388,1982,1.4407444,8,10,100,0,0,1,0,1
8388,1983,1.400252938,8,11,121,0,0,1,0,1
8388,1984,1.474588633,8,12,144,0,0,1,0,1
8388,1985,1.40629065,8,13,169,0,0,1,0,1
8388,1986,1.463255525,8,14,196,0,0,1,0,1
8388,1987,1.567807317,8,15,225,0,0,1,0,1
8406,1980,1.293391109,8,6,36,1,0,1,0,1
8406,1981,1.609437943,8,7,49,0,1,1,0,1
8406,1982,1.467359781,8,8,64,0,1,1,0,1
8406,1983,1.547777534,8,9,81,0,1,1,0,1
8406,1984,1.611318827,8,10,100,0,1,1,0,1
8406,1985,1.576951265,8,11,121,0,0,1,0,1
8406,1986,1.706228971,8,12,144,0,1,1,0,1
8406,1987,1.706928253,8,13,169,0,1,1,0,1
8415,1980,1.172409534,10,2,4,0,0,0,1,0
8415,1981,0.4269441366,10,3,9,1,0,0,1,0
8415,1982,1.510015011,10,4,16,0,0,0,1,0
8415,1983,-0.06954938173,10,5,25,1,0,0,1,0
8415,1984,1.827728391,10,6,36,1,0,0,1,0
8415,1985,1.79336071,10,7,49,1,0,1,1,0
8415,1986,1.991016626,10,8,64,1,0,1,1,0
8415,1987,1.952050686,10,9,81,1,0,1,1,0
8496,1980,1.351815701,12,2,4,0,0,0,1,0
8496,1981,1.196250796,12,3,9,0,0,0,1,0
8496,1982,0.6411620975,12,4,16,0,0,0,1,0
8496,1983,1.116144419,12,5,25,0,0,0,1,0
8496,1984,0.9893991947,12,6,36,0,0,0,1,0
8496,1985,1.137353063,12,7,49,0,0,0,1,0
8496,1986,1.052747011,12,8,64,0,0,0,1,0
8496,1987,1.21445179,12,9,81,0,0,1,1,0
8501,1980,0.9624917507,10,5,25,0,0,0,1,0
8501,1981,1.03412962,10,6,36,1,0,0,1,0
8501,1982,0.8542553186,10,7,49,1,0,0,1,0
8501,1983,1.091686368,10,8,64,1,0,0,1,0
8501,1984,0.8558678031,10,9,81,0,0,0,1,0
8501,1985,0.8215001822,10,10,100,0,0,0,1,0
8501,1986,0.9349640012,10,11,121,1,0,0,1,0
8501,1987,1.013781071,10,12,144,0,0,0,1,0
8518,1980,1.856127739,12,5,25,1,0,0,0,0
8518,1981,2.180611849,12,6,36,1,0,0,0,0
8518,1982,2.426651955,12,7,49,1,0,1,0,0
8518,1983,2.372793674,12,8,64,1,0,1,0,0
8518,1984,2.703572512,12,9,81,1,0,1,0,0
8518,1985,2.921900034,12,10,100,1,0,1,0,0
8518,1986,2.164912224,12,11,121,0,0,1,0,0
8518,1987,1.886791229,12,12,144,0,0,1,0,0
8520,1980,0.5544002652,15,2,4,0,0,0,0,0
8520,1981,1.115961909,15,3,9,1,0,0,0,0
8520,1982,1.315369964,15,4,16,0,0,0,0,0
8520,1983,1.259903789,15,5,25,0,0,1,0,0
8520,1984,1.296499372,15,6,36,0,0,1,0,0
8520,1985,-1.155181646,15,7,49,0,0,1,0,0
8520,1986,1.288347602,15,8,64,0,0,1,0,0
8520,1987,1.366001606,15,9,81,0,0,1,0,0
8524,1980,1.198258877,11,1,1,0,0,1,0,0
8524,1981,1.529395223,11,2,4,0,0,1,0,0
8524,1982,1.526783228,11,3,9,1,0,1,0,0
8524,1983,1.497151494,11,4,16,1,0,1,0,0
8524,1984,1.514127731,11,5,25,1,0,1,0,0
8524,1985,1.728221416,11,6,36,1,0,1,0,0
8524,1986,-0.6997917295,11,7,49,1,0,1,0,0
8524,1987,1.580634475,11,8,64,1,0,1,0,0
8548,1980,1.194742084,8,3,9,0,0,0,0,0
8548,1981,1.183353543,8,4,16,0,0,0,0,0
8548,1982,1.137697697,8,5,25,0,0,0,0,0
8548,1983,1.367037296,8,6,36,0,0,0,0,0
8548,1984,1.344393969,8,7,49,0,0,1,0,0
8548,1985,1.532263994,8,8,64,0,0,0,0,0
8548,1986,1.192793131,8,9,81,0,0,0,0,0
8548,1987,1.067848325,8,10,100,0,0,0,0,0
8556,1980,1.638043165,11,2,4,0,0,0,0,0
8556,1981,1.783047557,11,3,9,0,0,0,0,0
8556,1982,1.638513207,11,4,16,0,0,0,0,0
8556,1983,1.770872474,11,5,25,0,0,1,0,0
8556,1984,1.97313118,11,6,36,0,0,1,0,0
8556,1985,2.022145271,11,7,49,0,0,1,0,0
8556,1986,1.923750281,11,8,64,0,0,1,0,0
8556,1987,2.035432339,11,9,81,0,0,1,0,0
8564,1980,0.8091867566,11,1,1,0,0,0,0,0
8564,1981,1.263692021,11,2,4,0,0,1,0,0
8564,1982,1.354564309,11,3,9,0,0,1,0,0
8564,1983,1.470517874,11,4,16,0,0,1,0,0
8564,1984,1.363681436,11,5,25,0,0,1,0,0
8564,1985,1.819571257,11,6,36,0,0,1,0,0
8564,1986,1.537005663,11,7,49,0,0,1,0,0
8564,1987,1.524606705,11,8,64,0,1,1,0,0
8581,1980,1.227709055,12,3,9,0,0,0,1,0
8581,1981,1.167828441,12,4,16,0,0,0,1,0
8581,1982,0.7084504962,12,5,25,0,0,0,1,0
8581,1983,0.9615011215,12,6,36,0,0,0,1,0
8581,1984,0.6740972996,12,7,49,0,0,1,1,0
8581,1985,0.9843019247,12,8,64,0,0,1,1,0
8581,1986,0.727324605,12,9,81,0,0,1,1,0
8581,1987,0.7490158677,12,10,100,0,0,0,1,0
8586,1980,-0.7648808956,12,3,9,0,0,0,1,0
8586,1981,1.649516106,12,4,16,0,0,0,1,0
8586,1982,1.872824907,12,5,25,0,0,0,1,0
8586,1983,1.613375068,12,6,36,0,0,0,1,0
8586,1984,1.627982974,12,7,49,0,0,0,1,0
8586,1985,1.648178697,12,8,64,0,0,0,1,0
8586,1986,1.796819568,12,9,81,0,0,0,1,0
8586,1987,1.676230192,12,10,100,0,0,0,1,0
8587,1980,0.9920740724,11,3,9,1,0,0,1,0
8587,1981,0.8982360959,11,4,16,0,0,0,1,0
8587,1982,0.9699907899,11,5,25,0,0,0,1,0
8587,1983,0.804004252,11,6,36,0,0,0,1,0
8587,1984,1.305523396,11,7,49,0,0,0,1,0
8587,1985,1.476625204,11,8,64,1,0,0,1,0
8587,1986,-0.9812042117,11,9,81,0,0,0,1,0
8587,1987,0.7911183834,11,10,100,0,0,0,1,0
8597,1980,1.52112186,10,6,36,1,0,0,1,0
8597,1981,1.134979963,10,7,49,1,0,0,1,0
8597,1982,1.755041838,10,8,64,1,0,0,1,0
8597,1983,1.786034703,10,9,81,1,0,0,1,0
8597,1984,1.854396582,10,10,100,1,0,0,1,0
8597,1985,1.920112491,10,11,121,1,0,0,1,0
8597,1986,1.946564913,10,12,144,1,0,0,1,0
8597,1987,1.952050686,10,13,169,1,0,0,1,0
8656,1980,1.224856019,12,2,4,0,0,0,0,0
8656,1981,1.356735587,12,3,9,0,0,0,0,0
8656,1982,1.537356973,12,4,16,0,0,0,0,0
8656,1983,1.74919498,12,5,25,0,0,1,0,0
8656,1984,1.66767776,12,6,36,1,0,1,0,0
8656,1985,1.495127559,12,7,49,0,0,1,0,0
8656,1986,1.23554945,12,8,64,0,0,1,0,0
8656,1987,0.8233792782,12,9,81,0,0,1,0,0
8722,1980,1.700794339,12,4,16,0,0,0,0,1
8722,1981,1.5502491,12,5,25,0,0,0,0,1
8722,1982,1.679744124,12,6,36,0,0,0,0,1
8722,1983,1.786034703,12,7,49,0,0,0,0,1
8722,1984,1.682546377,12,8,64,0,0,0,0,1
8722,1985,1.622860909,12,9,81,0,0,0,0,1
8722,1986,1.8557899,12,10,100,0,0,0,0,1
8722,1987,1.688990593,12,11,121,0,0,0,0,1
8743,1980,1.615636587,12,3,9,0,0,1,0,0
8743,1981,1.980007648,12,4,16,0,0,1,0,0
8743,1982,1.844272971,12,5,25,0,0,1,0,0
8743,1983,1.622107744,12,6,36,0,0,1,0,0
8743,1984,1.801291466,12,7,49,0,0,1,0,0
8743,1985,1.586156487,12,8,64,0,0,1,0,0
8743,1986,1.547530651,12,9,81,0,0,1,0,0
8743,1987,1.54658556,12,10,100,0,0,1,0,0
8749,1980,1.659195542,8,9,81,0,0,1,1,0
8749,1981,1.325931191,8,10,100,0,0,1,1,0
8749,1982,1.57190001,8,11,121,0,0,1,1,0
8749,1983,1.437728047,8,12,144,0,0,1,1,0
8749,1984,1.515763044,8,13,169,0,0,1,1,0
8749,1985,1.43281734,8,14,196,0,0,1,1,0
8749,1986,1.529671073,8,15,225,0,0,1,1,0
8749,1987,1.747110009,8,16,256,0,0,1,1,0
8758,1980,1.425526738,12,3,9,0,0,1,0,0
8758,1981,1.198307037,12,4,16,0,0,1,0,0
8758,1982,1.520725012,12,5,25,0,0,1,0,0
8758,1983,1.994583249,12,6,36,0,0,1,0,0
8758,1984,1.709979177,12,7,49,0,0,1,0,0
8758,1985,1.829946995,12,8,64,0,0,1,0,0
8758,1986,2.457208633,12,9,81,0,0,1,0,0
8758,1987,1.5695014,12,10,100,0,0,1,0,0
8796,1980,1.007498384,13,2,4,1,0,0,0,0
8796,1981,2.065973282,13,3,9,1,0,0,0,0
8796,1982,2.197990179,13,4,16,1,0,0,0,0
8796,1983,2.297929287,13,5,25,1,0,0,0,0
8796,1984,2.171184063,13,6,36,1,0,0,0,0
8796,1985,2.240731955,13,7,49,1,0,0,0,0
8796,1986,2.227550268,13,8,64,1,0,0,0,0
8796,1987,2.220964193,13,9,81,1,0,0,0,0
8838,1980,1.531362176,12,3,9,0,0,0,0,0
8838,1981,1.677315354,12,4,16,0,0,0,0,0
8838,1982,1.24087739,12,5,25,0,0,0,0,0
8838,1983,1.482765555,12,6,36,0,0,0,0,0
8838,1984,1.210621476,12,7,49,0,0,0,0,0
8838,1985,1.633858681,12,8,64,0,0,0,0,0
8838,1986,1.75694406,12,9,81,0,0,1,0,0
8838,1987,1.861078978,12,10,100,0,0,1,0,0
8842,1980,1.244274139,11,2,4,0,0,0,0,0
8842,1981,0.8352869749,11,3,9,0,0,0,0,0
8842,1982,1.179677725,11,4,16,0,0,0,0,0
8842,1983,1.243674874,11,5,25,0,0,1,0,0
8842,1984,1.67536068,11,6,36,0,0,1,0,0
8842,1985,1.633753419,11,7,49,0,0,1,0,0
8842,1986,1.593885779,11,8,64,0,0,1,0,0
8842,1987,1.53785193,11,9,81,0,0,1,0,0
8846,1980,1.297176719,12,2,4,1,0,1,0,0
8846,1981,1.326870918,12,3,9,1,0,1,0,0
8846,1982,1.281030178,12,4,16,1,0,1,0,0
8846,1983,1.342592835,12,5,25,1,1,1,0,0
8846,1984,1.334760427,12,6,36,1,0,1,0,0
8846,1985,1.489141345,12,7,49,1,0,1,0,0
8846,1986,1.760324717,12,8,64,1,0,1,0,0
8846,1987,1.62770319,12,9,81,1,0,1,0,0
8860,1980,1.230645299,13,4,16,1,0,0,0,1
8860,1981,1.326870918,13,5,25,1,0,0,0,1
8860,1982,1.285124779,13,6,36,0,0,0,0,1
8860,1983,1.169463992,13,7,49,0,0,0,0,1
8860,1984,1.226642847,13,8,64,0,0,1,0,1
8860,1985,1.273485303,13,9,81,0,0,1,0,1
8860,1986,1.262467623,13,10,100,1,0,1,0,1
8860,1987,1.119141579,13,11,121,0,0,1,0,1
8862,1980,1.266279697,13,2,4,0,0,0,0,1
8862,1981,1.397785902,13,3,9,0,0,0,0,1
8862,1982,1.504920721,13,4,16,0,0,0,0,1
8862,1983,1.517770767,13,5,25,0,0,0,0,1
8862,1984,1.509886742,13,6,36,0,0,0,0,1
8862,1985,1.88803792,13,7,49,0,0,0,0,1
8862,1986,1.763633013,13,8,64,0,0,0,0,1
8862,1987,1.892331481,13,9,81,0,0,0,0,1
8880,1980,2.058924437,12,4,16,0,0,0,0,1
8880,1981,2.29249692,12,5,25,0,0,0,0,1
8880,1982,2.298985481,12,6,36,1,0,0,0,1
8880,1983,2.402047157,12,7,49,1,0,0,0,1
8880,1984,2.390964508,12,8,64,1,0,1,0,1
8880,1985,2.406503916,12,9,81,1,0,1,0,1
8880,1986,2.519084215,12,10,100,1,0,1,0,1
8880,1987,2.524853945,12,11,121,1,0,1,0,1
8886,1980,1.42942822,12,5,25,0,0,0,0,1
8886,1981,1.442383885,12,6,36,0,0,0,0,1
8886,1982,1.57927382,12,7,49,0,0,0,0,1
8886,1983,1.490573168,12,8,64,0,0,0,0,1
8886,1984,1.788856983,12,9,81,0,0,0,0,1
8886,1985,1.602265716,12,10,100,0,0,1,0,1
8886,1986,1.498032451,12,11,121,0,0,1,0,1
8886,1987,2.118712902,12,12,144,0,0,0,0,1
8903,1980,0.9816716909,11,2,4,0,0,0,0,1
8903,1981,-0.2209188491,11,3,9,0,0,1,0,1
8903,1982,1.185463667,11,4,16,0,0,0,0,1
8903,1983,1.396912932,11,5,25,0,0,1,0,1
8903,1984,1.307852983,11,6,36,0,0,1,0,1
8903,1985,1.652713895,11,7,49,0,0,1,0,1
8903,1986,1.158107519,11,8,64,0,0,1,0,1
8903,1987,0.4595170915,11,9,81,0,0,1,0,1
8908,1980,1.241182923,12,2,4,1,0,0,0,1
8908,1981,1.271414042,12,3,9,1,0,1,0,1
8908,1982,1.423654437,12,4,16,0,0,1,0,1
8908,1983,1.160250545,12,5,25,0,0,1,0,1
8908,1984,1.228116751,12,6,36,0,0,1,0,1
8908,1985,1.383844018,12,7,49,0,0,1,0,1
8908,1986,1.149982095,12,8,64,1,0,1,0,1
8908,1987,1.156881928,12,9,81,1,0,1,0,1
8911,1980,1.047521949,12,4,16,0,0,0,0,1
8911,1981,1.123930097,12,5,25,1,0,0,0,1
8911,1982,1.061894655,12,6,36,1,0,0,0,1
8911,1983,0.9269024134,12,7,49,0,0,0,0,1
8911,1984,1.050023794,12,8,64,1,0,0,0,1
8911,1985,1.072814584,12,9,81,0,0,0,0,1
8911,1986,1.117285609,12,10,100,1,0,0,0,1
8911,1987,1.119141579,12,11,121,0,0,0,0,1
8917,1980,1.556033969,11,4,16,0,0,1,0,1
8917,1981,2.000533104,11,5,25,0,0,1,0,1
8917,1982,1.585918903,11,6,36,0,0,1,0,1
8917,1983,1.74036622,11,7,49,0,0,0,0,1
8917,1984,1.866267562,11,8,64,0,0,0,0,1
8917,1985,2.133686543,11,9,81,0,0,0,0,1
8917,1986,2.15477705,11,10,100,0,0,0,0,1
8917,1987,1.939657807,11,11,121,0,0,0,0,1
8991,1980,1.451502204,11,3,9,0,0,0,1,0
8991,1981,2.276037216,11,4,16,1,0,0,1,0
8991,1982,2.011175632,11,5,25,0,0,0,1,0
8991,1983,2.227178335,11,6,36,1,0,0,1,0
8991,1984,2.205794573,11,7,49,0,0,0,1,0
8991,1985,2.207794428,11,8,64,0,0,0,1,0
8991,1986,2.187726974,11,9,81,0,0,0,1,0
8991,1987,2.07465291,11,10,100,1,0,1,1,0
8997,1980,1.812642694,14,2,4,1,0,0,1,0
8997,1981,1.967650175,14,3,9,1,0,0,1,0
8997,1982,2.068939686,14,4,16,1,0,0,1,0
8997,1983,2.21091795,14,5,25,1,0,0,1,0
8997,1984,2.343944788,14,6,36,1,0,0,1,0
8997,1985,2.309577227,14,7,49,1,0,0,1,0
8997,1986,2.381882906,14,8,64,1,0,0,1,0
8997,1987,2.282292366,14,9,81,1,0,0,1,0
9014,1980,1.829710603,12,4,16,0,0,0,1,0
9014,1981,1.483991981,12,5,25,0,0,0,1,0
9014,1982,1.460391164,12,6,36,0,0,0,1,0
9014,1983,1.412410259,12,7,49,1,0,0,1,0
9014,1984,1.074813485,12,8,64,0,0,0,1,0
9014,1985,1.72014606,12,9,81,0,0,0,1,0
9014,1986,2.174654961,12,10,100,0,0,1,1,0
9014,1987,1.812288761,12,11,121,0,0,1,1,0
9015,1980,1.399805546,9,7,49,0,0,0,1,0
9015,1981,1.391406536,9,8,64,0,0,0,1,0
9015,1982,1.380151272,9,9,81,0,0,0,1,0
9015,1983,1.733837128,9,10,100,1,0,1,1,0
9015,1984,1.556777,9,11,121,0,0,1,1,0
9015,1985,1.764922857,9,12,144,0,0,1,1,0
9015,1986,1.673062563,9,13,169,0,0,1,1,0
9015,1987,1.301855683,9,14,196,1,0,1,1,0
9027,1980,1.57933557,12,3,9,0,0,0,0,0
9027,1981,1.600312948,12,4,16,0,0,0,0,0
9027,1982,2.400315046,12,5,25,0,0,0,0,0
9027,1983,2.361105204,12,6,36,1,0,0,0,0
9027,1984,2.273077488,12,7,49,1,0,0,0,0
9027,1985,2.443347454,12,8,64,1,0,0,0,0
9027,1986,2.503426075,12,9,81,1,0,0,0,0
9027,1987,2.309376478,12,10,100,1,0,0,0,0
9066,1980,1.601883173,11,1,1,1,0,0,1,0
9066,1981,1.429397583,11,2,4,0,0,0,1,0
9066,1982,-1.216737151,11,3,9,0,0,0,1,0
9066,1983,1.1069628,11,4,16,0,0,0,1,0
9066,1984,1.246190786,11,5,25,1,0,0,1,0
9066,1985,1.415846705,11,6,36,0,0,0,1,0
9066,1986,1.668933153,11,7,49,0,0,0,1,0
9066,1987,1.727523446,11,8,64,1,0,0,1,0
9082,1980,-0.07355245948,8,4,16,0,0,0,0,0
9082,1981,1.293025851,8,5,25,0,0,0,0,0
9082,1982,1.634413958,8,6,36,0,0,0,0,0
9082,1983,1.688525677,8,7,49,0,0,1,0,0
9082,1984,1.618007898,8,8,64,0,0,1,0,0
9082,1985,1.514647365,8,9,81,0,0,0,0,0
9082,1986,1.468529105,8,10,100,0,0,1,0,0
9082,1987,1.706928253,8,11,121,0,0,1,0,0
9131,1980,1.106828809,5,9,81,0,0,0,0,0
9131,1981,1.027746201,5,10,100,0,0,1,0,0
9131,1982,1.262565374,5,11,121,0,0,1,0,0
9131,1983,1.399987698,5,12,144,0,0,1,0,0
9131,1984,1.589569926,5,13,169,0,0,1,0,0
9131,1985,1.491832614,5,14,196,0,0,1,0,0
9131,1986,1.373514771,5,15,225,0,0,1,0,0
9131,1987,1.459467411,5,16,256,0,0,1,0,0
9132,1980,1.224856019,6,7,49,0,0,1,0,0
9132,1981,1.175223351,6,8,64,0,0,1,0,0
9132,1982,1.596673608,6,9,81,0,0,1,0,0
9132,1983,1.512974501,6,10,100,0,0,1,0,0
9132,1984,1.618007898,6,11,121,0,0,1,0,0
9132,1985,1.514647365,6,12,144,0,0,1,0,0
9132,1986,1.851254702,6,13,169,0,0,1,0,0
9132,1987,1.861078978,6,14,196,1,0,1,0,0
9154,1980,2.563853741,15,2,4,1,0,0,0,0
9154,1981,2.530633211,15,3,9,1,0,0,0,0
9154,1982,2.17079258,15,4,16,1,0,0,0,0
9154,1983,2.197422504,15,5,25,1,0,0,0,0
9154,1984,2.454636812,15,6,36,1,0,0,0,0
9154,1985,2.069024086,15,7,49,1,0,0,0,0
9154,1986,2.428655863,15,8,64,0,0,0,0,0
9154,1987,2.60208869,15,9,81,1,0,0,0,0
9158,1980,1.501065731,12,4,16,0,0,1,0,0
9158,1981,1.403628707,12,5,25,0,0,1,0,0
9158,1982,1.058481693,12,6,36,0,0,1,0,0
9158,1983,1.146991134,12,7,49,0,0,1,0,0
9158,1984,1.171720743,12,8,64,0,0,1,0,0
9158,1985,1.075348139,12,9,81,0,0,1,0,0
9158,1986,1.077325463,12,10,100,0,0,1,0,0
9158,1987,1.09666872,12,11,121,0,0,1,0,0
9184,1980,1.304898739,11,3,9,0,0,1,0,0
9184,1981,1.203972816,11,4,16,0,0,1,0,0
9184,1982,1.285038233,11,5,25,0,0,1,0,0
9184,1983,1.173516393,11,6,36,0,0,0,0,0
9184,1984,1.114524245,11,7,49,0,0,1,0,0
9184,1985,1.140434742,11,8,64,0,0,1,0,0
9184,1986,1.371391296,11,9,81,0,0,1,0,0
9184,1987,2.094187737,11,10,100,0,0,1,0,0
9230,1980,1.090123415,11,1,1,0,0,0,1,0
9230,1981,0.8966923952,11,2,4,0,0,0,1,0
9230,1982,0.8024933934,11,3,9,0,0,0,1,0
9230,1983,1.684383035,11,4,16,0,0,0,1,0
9230,1984,1.164603233,11,5,25,0,0,0,1,0
9230,1985,1.729596019,11,6,36,0,0,0,1,0
9230,1986,1.946564913,11,7,49,1,1,0,1,0
9230,1987,2.07465291,11,8,64,1,1,0,1,0
9265,1980,1.235728383,11,1,1,0,0,0,0,1
9265,1981,0.9976363778,11,2,4,0,0,0,0,1
9265,1982,1.450438261,11,3,9,0,0,0,0,1
9265,1983,1.494705439,11,4,16,1,0,0,0,1
9265,1984,1.948553681,11,5,25,0,0,0,0,1
9265,1985,1.894669652,11,6,36,0,0,0,0,1
9265,1986,2.256119013,11,7,49,0,0,0,0,1
9265,1987,2.266544104,11,8,64,0,0,0,0,1
9367,1980,0.931694448,11,2,4,0,0,0,1,0
9367,1981,0.7915872335,11,3,9,0,0,0,1,0
9367,1982,1.31507051,11,4,16,0,0,0,1,0
9367,1983,1.437211871,11,5,25,0,0,0,1,0
9367,1984,1.480092883,11,6,36,0,0,0,1,0
9367,1985,1.678950429,11,7,49,0,0,0,1,0
9367,1986,1.654086709,11,8,64,0,0,0,1,0
9367,1987,1.920502305,11,9,81,0,0,0,1,0
9390,1980,-0.8876854777,12,4,16,0,0,0,1,0
9390,1981,1.981076598,12,5,25,1,0,0,1,0
9390,1982,1.966351032,12,6,36,1,0,0,1,0
9390,1983,2.489866257,12,7,49,0,0,0,1,0
9390,1984,2.320027113,12,8,64,0,0,0,1,0
9390,1985,2.193790436,12,9,81,0,0,0,1,0
9390,1986,2.413879871,12,10,100,0,0,0,1,0
9390,1987,2.19198966,12,11,121,1,0,0,1,0
9391,1980,1.32064712,11,3,9,0,0,0,1,0
9391,1981,1.1075809,11,4,16,0,0,0,1,0
9391,1982,1.758895397,11,5,25,0,0,0,1,0
9391,1983,1.304936528,11,6,36,0,0,0,1,0
9391,1984,1.320756316,11,7,49,0,0,0,1,0
9391,1985,1.514647365,11,8,64,0,0,0,1,0
9391,1986,2.113619089,11,9,81,0,0,0,1,0
9391,1987,1.5713557,11,10,100,0,0,0,1,0
9418,1980,2.132865191,15,2,4,0,0,0,1,0
9418,1981,2.146395683,15,3,9,0,0,0,1,0
9418,1982,2.368899822,15,4,16,0,0,0,1,0
9418,1983,2.37001133,15,5,25,0,0,1,1,0
9418,1984,2.09027648,15,6,36,0,0,1,1,0
9418,1985,2.439650774,15,7,49,0,0,1,1,0
9418,1986,2.548255444,15,8,64,0,0,1,1,0
9418,1987,2.754728079,15,9,81,0,0,1,1,0
9424,1980,2.035786152,12,3,9,1,0,0,0,1
9424,1981,1.877701879,12,4,16,1,0,0,0,1
9424,1982,1.872824907,12,5,25,0,0,0,0,1
9424,1983,1.897260308,12,6,36,1,0,0,0,1
9424,1984,1.905689955,12,7,49,1,0,0,0,1
9424,1985,1.896014929,12,8,64,1,0,0,0,1
9424,1986,2.347233772,12,9,81,1,0,0,0,1
9424,1987,2.278748274,12,10,100,1,0,1,0,1
9447,1980,1.050256491,14,3,9,0,0,0,0,0
9447,1981,1.40685308,14,4,16,0,0,0,0,0
9447,1982,0.8966059685,14,5,25,0,0,0,0,0
9447,1983,2.418557167,14,6,36,0,0,0,0,0
9447,1984,1.849600434,14,7,49,0,0,0,0,0
9447,1985,1.75639236,14,8,64,0,0,0,0,0
9447,1986,1.778470397,14,9,81,0,0,0,0,0
9447,1987,1.966439486,14,10,100,0,0,1,0,0
9449,1980,1.00060153,15,2,4,0,0,0,0,0
9449,1981,1.18510437,15,3,9,0,0,0,0,0
9449,1982,1.507080674,15,4,16,0,0,0,0,0
9449,1983,1.296552062,15,5,25,0,0,0,0,0
9449,1984,1.665116787,15,6,36,0,0,0,0,0
9449,1985,1.901211619,15,7,49,0,0,1,0,0
9449,1986,1.820483088,15,8,64,1,0,1,0,0
9449,1987,2.021730661,15,9,81,1,0,1,0,0
9453,1980,2.043009043,15,2,4,1,0,0,0,0
9453,1981,1.989057422,15,3,9,1,0,0,0,0
9453,1982,1.872824907,15,4,16,1,0,0,0,0
9453,1983,1.973246217,15,5,25,1,0,0,0,0
9453,1984,2.023473024,15,6,36,1,0,0,0,0
9453,1985,2.24202776,15,7,49,1,0,1,0,0
9453,1986,2.01790309,15,8,64,1,0,1,0,0
9453,1987,2.045777082,15,9,81,0,0,1,0,0
9468,1980,1.420730591,16,1,1,0,0,0,0,0
9468,1981,1.342875719,16,2,4,0,0,0,0,0
9468,1982,1.416374207,16,3,9,0,0,0,0,0
9468,1983,1.578395367,16,4,16,0,0,0,0,0
9468,1984,1.8858217,16,5,25,0,0,0,0,0
9468,1985,2.037502527,16,6,36,0,0,1,0,0
9468,1986,2.203475237,16,7,49,0,0,1,0,0
9468,1987,2.164509296,16,8,64,0,0,1,0,0
9502,1980,2.075006962,12,5,25,1,0,1,0,0
9502,1981,2.111529827,12,6,36,1,0,1,0,0
9502,1982,1.992713571,12,7,49,1,0,1,0,0
9502,1983,2.465810061,12,8,64,1,0,1,0,0
9502,1984,2.174323797,12,9,81,0,0,1,0,0
9502,1985,1.705970883,12,10,100,0,0,1,0,0
9502,1986,1.514312506,12,11,121,0,0,1,0,0
9502,1987,1.619707823,12,12,144,0,0,1,0,0
9505,1980,1.119495511,8,5,25,0,0,0,0,0
9505,1981,1.079194188,8,6,36,0,0,0,0,0
9505,1982,0.9125242233,8,7,49,0,0,0,0,0
9505,1983,1.032262921,8,8,64,0,0,0,0,0
9505,1984,0.9893991947,8,9,81,0,0,0,0,0
9505,1985,1.072814584,8,10,100,0,0,0,0,0
9505,1986,1.052747011,8,11,121,0,0,0,0,0
9505,1987,0.9206906557,8,12,144,0,0,0,0,0
9603,1980,1.190910816,10,7,49,0,0,1,0,0
9603,1981,1.069446206,10,8,64,0,0,1,0,0
9603,1982,1.230665565,10,9,81,0,0,1,0,0
9603,1983,1.1347785,10,10,100,0,0,1,0,0
9603,1984,1.033850908,10,11,121,0,0,1,0,0
9603,1985,1.010294199,10,12,144,0,0,1,0,0
9603,1986,1.1087749,10,13,169,0,0,0,0,0
9603,1987,1.21157515,10,14,196,0,0,0,0,0
9643,1980,1.782337308,12,2,4,0,0,0,0,1
9643,1981,1.139434338,12,3,9,0,0,0,0,1
9643,1982,1.961316705,12,4,16,0,0,0,0,1
9643,1983,1.188017488,12,5,25,0,0,0,0,1
9643,1984,1.960414886,12,6,36,0,0,0,0,1
9643,1985,1.657094121,12,7,49,0,0,0,0,1
9643,1986,1.7951653,12,8,64,0,0,0,0,1
9643,1987,1.527013421,12,9,81,0,0,0,0,1
9667,1980,1.557106376,13,1,1,0,0,0,0,1
9667,1981,1.688150525,13,2,4,0,0,0,0,1
9667,1982,2.160506964,13,3,9,1,0,0,0,1
9667,1983,2.237484932,13,4,16,0,0,0,0,1
9667,1984,2.566278219,13,5,25,0,0,1,0,1
9667,1985,2.599698067,13,6,36,0,0,1,0,1
9667,1986,2.923383951,13,7,49,0,0,1,0,1
9667,1987,3.037133217,13,8,64,0,0,1,0,1
9683,1980,0.7028114796,12,5,25,0,0,0,1,0
9683,1981,1.391992331,12,6,36,1,0,1,1,0
9683,1982,1.184954762,12,7,49,0,0,1,1,0
9683,1983,0.9299840331,12,8,64,0,0,1,1,0
9683,1984,0.9260632992,12,9,81,0,0,1,1,0
9683,1985,0.08783873171,12,10,100,0,0,1,1,0
9683,1986,2.239830256,12,11,121,0,0,1,1,0
9683,1987,1.811519861,12,12,144,1,0,0,1,0
9694,1980,1.650556564,15,1,1,0,0,0,0,0
9694,1981,1.988927484,15,2,4,0,1,0,0,0
9694,1982,2.026975632,15,3,9,0,1,0,0,0
9694,1983,2.053454161,15,4,16,0,1,1,0,0
9694,1984,2.311155081,15,5,25,0,1,1,0,0
9694,1985,2.29985261,15,6,36,0,0,1,0,0
9694,1986,2.302330256,15,7,49,0,0,1,0,0
9694,1987,2.342916965,15,8,64,0,0,1,0,0
9710,1980,1.871046185,12,4,16,0,0,0,0,0
9710,1981,1.116267204,12,5,25,0,0,0,0,0
9710,1982,1.658857942,12,6,36,0,0,0,0,0
9710,1983,1.58676362,12,7,49,0,0,0,0,0
9710,1984,-0.6390869021,12,8,64,0,0,0,0,0
9710,1985,1.712603331,12,9,81,0,0,0,0,0
9710,1986,1.830162764,12,10,100,0,0,0,0,0
9710,1987,1.571207523,12,11,121,0,0,0,0,0
9718,1980,1.098562241,13,1,1,0,0,0,0,0
9718,1981,1.740466118,13,2,4,0,0,0,0,0
9718,1982,2.278770924,13,3,9,0,0,0,0,0
9718,1983,2.464208841,13,4,16,0,0,0,0,0
9718,1984,2.359945297,13,5,25,0,0,0,0,0
9718,1985,2.504719496,13,6,36,0,0,0,0,0
9718,1986,2.493108511,13,7,49,0,0,1,0,0
9718,1987,2.623219013,13,8,64,0,0,1,0,0
9725,1980,1.03912437,13,1,1,0,0,0,0,0
9725,1981,1.351356268,13,2,4,0,0,0,0,0
9725,1982,1.660606265,13,3,9,0,0,0,0,0
9725,1983,1.600137949,13,4,16,0,0,0,0,0
9725,1984,1.611243486,13,5,25,0,0,0,0,0
9725,1985,1.685255408,13,6,36,0,0,0,0,0
9725,1986,1.784045935,13,7,49,0,0,0,0,0
9725,1987,1.812288761,13,8,64,0,0,0,0,0
9744,1980,1.630321145,15,2,4,1,1,0,0,0
9744,1981,1.771956801,15,3,9,0,0,0,0,0
9744,1982,1.978185415,15,4,16,0,0,0,0,0
9744,1983,1.839354396,15,5,25,0,0,0,0,0
9744,1984,1.944001913,15,6,36,0,0,0,0,0
9744,1985,1.889956355,15,7,49,0,0,0,0,0
9744,1986,2.158857822,15,8,64,0,0,1,0,0
9744,1987,2.104958296,15,9,81,1,0,1,0,0
9752,1980,2.245485783,15,2,4,0,0,0,0,0
9752,1981,1.971708894,15,3,9,0,0,1,0,0
9752,1982,2.232250929,15,4,16,0,0,1,0,0
9752,1983,2.554347515,15,5,25,0,0,1,0,0
9752,1984,2.904640913,15,6,36,0,0,1,0,0
9752,1985,2.9661057,15,7,49,0,0,1,0,0
9752,1986,2.990088224,15,8,64,0,0,1,0,0
9752,1987,3.131653547,15,9,81,0,0,1,0,0
9776,1980,2.280908585,11,3,9,0,0,0,0,1
9776,1981,2.040220737,11,4,16,1,0,1,0,1
9776,1982,2.206063509,11,5,25,1,0,1,0,1
9776,1983,2.377120018,11,6,36,1,0,1,0,1
9776,1984,2.246419191,11,7,49,1,0,1,0,1
9776,1985,1.940589905,11,8,64,1,0,1,0,1
9776,1986,2.256719828,11,9,81,1,0,1,0,1
9776,1987,2.217753887,11,10,100,1,0,1,0,1
9786,1980,1.6666888,12,2,4,1,0,0,0,1
9786,1981,1.708581924,12,3,9,1,0,0,0,1
9786,1982,1.859401941,12,4,16,1,0,0,0,1
9786,1983,1.82113719,12,5,25,1,0,0,0,1
9786,1984,1.910225034,12,6,36,0,0,0,0,1
9786,1985,1.874992013,12,7,49,0,0,0,0,1
9786,1986,1.922729135,12,8,64,0,0,0,0,1
9786,1987,2.098880291,12,9,81,0,0,0,0,1
9791,1980,0.8176829815,15,1,1,0,0,0,0,0
9791,1981,0.7727993131,15,2,4,0,0,0,0,0
9791,1982,1.169588923,15,3,9,0,0,0,0,0
9791,1983,-0.1647627503,15,4,16,0,0,1,0,0
9791,1984,2.570399284,15,5,25,0,0,1,0,0
9791,1985,2.587816954,15,6,36,0,0,1,0,0
9791,1986,2.54761219,15,7,49,0,0,1,0,0
9791,1987,2.517528057,15,8,64,0,0,1,0,0
9794,1980,1.524960637,12,3,9,0,0,0,0,0
9794,1981,1.609437943,12,4,16,1,0,1,0,0
9794,1982,1.619794726,12,5,25,0,0,1,0,0
9794,1983,1.650551796,12,6,36,1,1,1,0,0
9794,1984,1.549015045,12,7,49,1,1,1,0,0
9794,1985,1.765961766,12,8,64,1,0,1,0,0
9794,1986,1.745894194,12,9,81,1,0,1,0,0
9794,1987,2.180785418,12,10,100,1,0,1,0,0
9810,1980,1.251218557,11,2,4,0,0,0,0,1
9810,1981,0.3617900312,11,3,9,0,0,0,0,1
9810,1982,1.700351954,11,4,16,1,0,1,0,1
9810,1983,1.076831222,11,5,25,0,0,1,0,1
9810,1984,1.030221224,11,6,36,0,0,1,0,1
9810,1985,1.003293037,11,7,49,0,0,1,0,1
9810,1986,0.8987062573,11,8,64,0,0,1,0,1
9810,1987,1.390798926,11,9,81,0,0,0,0,1
9846,1980,2.098067999,12,3,9,0,0,1,0,1
9846,1981,2.35958457,12,4,16,0,0,1,0,1
9846,1982,2.102528334,12,5,25,0,0,1,0,1
9846,1983,1.947784662,12,6,36,0,0,1,0,1
9846,1984,2.058639526,12,7,49,0,0,1,0,1
9846,1985,2.300415993,12,8,64,0,0,1,0,1
9846,1986,0.9240349531,12,9,81,0,0,1,0,1
9846,1987,2.313544989,12,10,100,1,0,1,0,1
9859,1980,1.447999597,12,4,16,1,0,0,0,1
9859,1981,1.498334408,12,5,25,1,0,0,0,1
9859,1982,1.547402501,12,6,36,1,1,0,0,1
9859,1983,-0.7909872532,12,7,49,1,1,0,0,1
9859,1984,1.800329447,12,8,64,1,1,0,0,1
9859,1985,1.407924891,12,9,81,1,0,0,0,1
9859,1986,1.539818525,12,10,100,0,0,0,0,1
9859,1987,1.760995507,12,11,121,1,0,0,0,1
9868,1980,1.22276032,11,2,4,0,0,0,0,1
9868,1981,1.17118299,11,3,9,0,0,0,0,1
9868,1982,1.233744979,11,4,16,0,0,0,0,1
9868,1983,1.204113126,11,5,25,0,0,0,0,1
9868,1984,1.218167543,11,6,36,0,0,0,0,1
9868,1985,1.232509494,11,7,49,0,0,0,0,1
9868,1986,1.304710984,11,8,64,0,0,1,0,1
9868,1987,1.368055105,11,9,81,1,0,1,0,1
9876,1980,1.776808977,13,4,16,0,0,1,0,1
9876,1981,1.829238892,13,5,25,0,0,1,0,1
9876,1982,1.784884453,13,6,36,0,0,1,0,1
9876,1983,1.924314022,13,7,49,0,0,1,0,1
9876,1984,2.095733643,13,8,64,0,0,1,0,1
9876,1985,1.939209461,13,9,81,0,0,1,0,1
9876,1986,2.182701826,13,10,100,0,0,1,0,1
9876,1987,2.134203911,13,11,121,0,0,1,0,1
9883,1980,2.063185215,12,2,4,1,0,0,0,1
9883,1981,-0.2623642683,12,3,9,1,0,0,0,1
9883,1982,2.278290033,12,4,16,1,0,0,0,1
9883,1983,2.265977621,12,5,25,0,0,0,0,1
9883,1984,2.002068996,12,6,36,0,0,1,0,1
9883,1985,2.550724745,12,7,49,1,0,1,0,1
9883,1986,2.370529413,12,8,64,0,0,1,0,1
9883,1987,2.498910666,12,9,81,0,0,1,0,1
9889,1980,1.918003201,14,2,4,0,0,1,0,0
9889,1981,1.733490586,14,3,9,0,0,1,0,0
9889,1982,1.939563632,14,4,16,0,0,1,0,0
9889,1983,2.17169714,14,5,25,0,0,1,0,0
9889,1984,2.314657688,14,6,36,0,0,1,0,0
9889,1985,2.462753773,14,7,49,0,0,1,0,0
9889,1986,2.628283501,14,8,64,0,0,1,0,0
9889,1987,2.660089493,14,9,81,0,0,1,0,0
9901,1980,1.998972297,12,4,16,0,0,0,0,1
9901,1981,1.650259852,12,5,25,0,0,0,0,1
9901,1982,1.351910472,12,6,36,0,0,0,0,1
9901,1983,1.606406808,12,7,49,1,0,0,0,1
9901,1984,1.849600434,12,8,64,1,0,0,0,1
9901,1985,1.7773242,12,9,81,0,0,0,0,1
9901,1986,1.885798931,12,10,100,0,0,0,0,1
9901,1987,2.022467375,12,11,121,0,0,0,0,1
9936,1980,1.538513541,12,3,9,0,0,0,0,1
9936,1981,1.25647676,12,4,16,0,0,0,0,1
9936,1982,1.705793977,12,5,25,1,0,0,0,1
9936,1983,1.948553681,12,6,36,0,0,1,0,1
9936,1984,2.369423866,12,7,49,1,0,1,0,1
9936,1985,2.564469576,12,8,64,1,0,1,0,1
9936,1986,2.679806471,12,9,81,1,0,1,0,1
9936,1987,2.786848307,12,10,100,1,0,1,0,1
9964,1980,0.859500885,9,4,16,0,0,0,0,1
9964,1981,1.442383885,9,5,25,0,0,0,0,1
9964,1982,1.144840121,9,6,36,0,0,0,0,1
9964,1983,1.514205694,9,7,49,0,0,0,0,1
9964,1984,1.839550138,9,8,64,0,0,0,0,1
9964,1985,1.805182457,9,9,81,0,0,0,0,1
9964,1986,1.557979345,9,10,100,0,0,0,0,1
9964,1987,1.606387019,9,11,121,0,0,0,0,1
10043,1980,1.473975062,12,4,16,0,0,0,0,1
10043,1981,0.4502010047,12,5,25,0,0,0,0,1
10043,1982,0.09249414504,12,6,36,0,0,0,0,1
10043,1983,1.445450068,12,7,49,0,0,1,0,1
10043,1984,0.6077190042,12,8,64,0,0,1,0,1
10043,1985,0.8458322883,12,9,81,0,0,1,0,1
10043,1986,1.039470196,12,10,100,1,0,1,0,1
10043,1987,1.455613852,12,11,121,0,0,1,0,1
10067,1980,1.364617944,11,2,4,0,0,0,0,1
10067,1981,1.485029221,11,3,9,0,0,0,0,1
10067,1982,1.736113906,11,4,16,0,0,1,0,1
10067,1983,1.750102758,11,5,25,0,0,1,0,1
10067,1984,1.905689955,11,6,36,0,0,1,0,1
10067,1985,1.810722709,11,7,49,0,0,1,0,1
10067,1986,2.108424187,11,8,64,0,0,1,0,1
10067,1987,1.748325229,11,9,81,0,0,1,0,1
10091,1980,1.465272069,12,5,25,0,0,1,0,0
10091,1981,2.102309704,12,6,36,0,0,1,0,0
10091,1982,1.735993743,12,7,49,1,0,1,0,0
10091,1983,1.2638762,12,8,64,0,0,1,0,0
10091,1984,1.800329447,12,9,81,0,0,1,0,0
10091,1985,1.966632485,12,10,100,0,0,1,0,0
10091,1986,1.785114884,12,11,121,0,0,1,0,0
10091,1987,1.714650273,12,12,144,0,0,1,0,0
10120,1980,-0.2368210107,13,2,4,0,0,0,0,0
10120,1981,0.2711527646,13,3,9,0,0,0,0,0
10120,1982,0.2304199636,13,4,16,0,0,0,0,0
10120,1983,1.411160946,13,5,25,0,0,0,0,0
10120,1984,1.692521572,13,6,36,0,0,0,0,0
10120,1985,1.485659838,13,7,49,0,0,0,0,0
10120,1986,1.895031214,13,8,64,0,0,1,0,0
10120,1987,1.952050686,13,9,81,0,0,1,0,0
10121,1980,1.224856019,11,2,4,0,0,0,0,0
10121,1981,1.442383885,11,3,9,0,0,0,0,0
10121,1982,1.500713944,11,4,16,0,0,0,0,0
10121,1983,1.523446918,11,5,25,0,0,0,0,0
10121,1984,1.588373065,11,6,36,0,0,0,0,0
10121,1985,1.520888448,11,7,49,0,0,0,0,0
10121,1986,1.457437038,11,8,64,0,0,0,0,0
10121,1987,1.893691063,11,9,81,0,0,0,0,0
10167,1980,1.447999597,12,4,16,1,0,0,1,0
10167,1981,1.609437943,12,5,25,1,0,0,1,0
10167,1982,1.547402501,12,6,36,1,0,0,1,0
10167,1983,1.660804868,12,7,49,1,0,0,1,0
10167,1984,1.743170977,12,8,64,1,0,0,1,0
10167,1985,1.79336071,12,9,81,1,0,0,1,0
10167,1986,1.851254702,12,10,100,1,0,0,1,0
10167,1987,1.99461031,12,11,121,1,0,0,1,0
10209,1980,1.235905886,10,3,9,0,0,0,0,0
10209,1981,1.13467133,10,4,16,0,0,0,0,0
10209,1982,0.9178748727,10,5,25,0,0,0,0,0
10209,1983,1.202103853,10,6,36,0,0,0,0,0
10209,1984,1.518408537,10,7,49,0,0,0,0,0
10209,1985,1.178175092,10,8,64,0,0,0,0,0
10209,1986,1.458212137,10,9,81,0,0,1,0,0
10209,1987,1.393293858,10,10,100,0,0,1,0,0
10230,1980,1.667543888,10,5,25,0,0,1,0,0
10230,1981,1.5839535,10,6,36,0,0,1,0,0
10230,1982,1.740721822,10,7,49,0,0,1,0,0
10230,1983,1.725410104,10,8,64,0,0,1,0,0
10230,1984,1.743170977,10,9,81,0,0,0,0,0
10230,1985,1.765961766,10,10,100,0,0,1,0,0
10230,1986,1.745894194,10,11,121,0,0,0,0,0
10230,1987,1.861078978,10,12,144,0,0,0,0,0
10265,1980,2.127963543,14,2,4,1,0,0,0,0
10265,1981,1.817077279,14,3,9,0,0,1,0,0
10265,1982,2.160506964,14,4,16,0,0,1,0,0
10265,1983,2.108060598,14,5,25,0,0,1,0,0
10265,1984,2.560215235,14,6,36,0,0,1,0,0
10265,1985,2.276787281,14,7,49,0,0,1,0,0
10265,1986,2.459195137,14,8,64,0,0,1,0,0
10265,1987,2.387652874,14,9,81,0,0,1,0,0
10274,1980,0.1135047004,14,1,1,0,0,0,0,0
10274,1981,1.683545828,14,2,4,1,0,1,0,0
10274,1982,1.918966055,14,3,9,1,0,1,0,0
10274,1983,1.981343508,14,4,16,1,0,1,0,0
10274,1984,1.488330007,14,5,25,1,0,1,0,0
10274,1985,1.475056887,14,6,36,1,0,1,0,0
10274,1986,1.799961448,14,7,49,0,1,1,0,0
10274,1987,2.13074255,14,8,64,0,1,1,0,0
10311,1980,1.630321145,11,2,4,0,0,0,0,1
10311,1981,1.683545828,11,3,9,0,0,0,0,1
10311,1982,1.690503359,11,4,16,0,0,0,0,1
10311,1983,1.897260308,11,5,25,0,0,0,0,1
10311,1984,1.682546377,11,6,36,0,0,1,0,1
10311,1985,2.098595142,11,7,49,0,0,1,0,1
10311,1986,0.5930122733,11,8,64,1,0,1,0,1
10311,1987,0.9497234225,11,9,81,0,0,1,0,1
10392,1980,0.1778869629,8,4,16,0,0,0,0,1
10392,1981,1.324418902,8,5,25,0,0,0,0,1
10392,1982,0.9234912395,8,6,36,0,0,0,0,1
10392,1983,1.186345339,8,7,49,0,0,0,0,1
10392,1984,1.060368657,8,8,64,0,0,0,0,1
10392,1985,0.9985166788,8,9,81,0,0,0,0,1
10392,1986,2.283518076,8,10,100,0,0,0,0,1
10392,1987,1.381505847,8,11,121,0,0,0,0,1
10425,1980,1.630321145,13,2,4,0,0,1,1,0
10425,1981,2.534697294,13,3,9,1,0,1,1,0
10425,1982,2.44818902,13,4,16,1,0,1,1,0
10425,1983,2.354018688,13,5,25,1,0,1,1,0
10425,1984,2.241297245,13,6,36,1,0,1,1,0
10425,1985,2.329934359,13,7,49,1,0,1,1,0
10425,1986,2.457390547,13,8,64,1,0,1,1,0
10425,1987,1.966439486,13,9,81,0,0,1,1,0
10441,1980,1.260084748,14,2,4,0,0,0,0,0
10441,1981,1.36431551,14,3,9,0,0,0,0,0
10441,1982,1.547402501,14,4,16,0,0,0,0,0
10441,1983,1.314829826,14,5,25,0,0,0,0,0
10441,1984,1.212542772,14,6,36,0,0,0,0,0
10441,1985,1.178175092,14,7,49,0,0,1,0,0
10441,1986,1.628111124,14,8,64,0,0,1,0,0
10441,1987,1.594286561,14,9,81,0,0,1,0,0
10457,1980,0.5098189116,13,2,4,0,0,0,0,0
10457,1981,1.463415027,13,3,9,0,0,0,0,0
10457,1982,1.506580472,13,4,16,0,0,1,0,0
10457,1983,1.743986487,13,5,25,0,0,1,0,0
10457,1984,1.954480052,13,6,36,0,0,1,0,0
10457,1985,2.011084318,13,7,49,0,0,1,0,0
10457,1986,2.03357625,13,8,64,0,0,1,0,0
10457,1987,2.17484808,13,9,81,0,0,1,0,0
10469,1980,2.151168346,12,3,9,1,0,0,1,0
10469,1981,1.869721055,12,4,16,1,0,0,1,0
10469,1982,1.534980059,12,5,25,0,0,0,1,0
10469,1983,1.160314798,12,6,36,0,0,0,1,0
10469,1984,1.325529575,12,7,49,0,0,0,1,0
10469,1985,1.412456393,12,8,64,0,0,0,1,0
10469,1986,1.628111124,12,9,81,0,0,0,1,0
10469,1987,1.706928253,12,10,100,0,0,0,1,0
10524,1980,1.048965335,11,4,16,0,0,0,0,1
10524,1981,1.112803459,11,5,25,0,0,0,0,1
10524,1982,1.074278712,11,6,36,0,0,0,0,1
10524,1983,1.524040341,11,7,49,0,0,0,0,1
10524,1984,1.267602563,11,8,64,0,0,0,0,1
10524,1985,1.157053471,11,9,81,0,0,0,0,1
10524,1986,0.8143360019,11,10,100,0,0,0,0,1
10524,1987,1.180607915,11,11,121,0,0,0,0,1
10552,1980,1.213383555,9,3,9,0,0,0,0,1
10552,1981,0.8805726767,9,4,16,0,0,0,0,1
10552,1982,1.042966723,9,5,25,0,0,0,0,1
10552,1983,0.8499413729,9,6,36,1,0,0,0,1
10552,1984,0.6897016764,9,7,49,1,0,0,0,1
10552,1985,0.7622072697,9,8,64,0,0,0,0,1
10552,1986,0.9096462131,9,9,81,0,0,0,0,1
10552,1987,1.381505847,9,10,100,0,0,0,0,1
10553,1980,1.495730996,13,4,16,0,0,1,0,1
10553,1981,1.521960258,13,5,25,0,0,1,0,1
10553,1982,1.452966809,13,6,36,0,0,1,0,1
10553,1983,1.739929199,13,7,49,0,1,1,0,1
10553,1984,1.892584801,13,8,64,0,1,1,0,1
10553,1985,2.205789804,13,9,81,0,1,1,0,1
10553,1986,1.925704122,13,10,100,0,1,1,0,1
10553,1987,2.25992012,13,11,121,0,1,1,0,1
10570,1980,1.056437373,11,3,9,0,0,0,0,0
10570,1981,-1.417065978,11,4,16,0,0,0,0,0
10570,1982,-0.670045495,11,5,25,0,0,0,0,0
10570,1983,0.7026824951,11,6,36,0,0,1,0,0
10570,1984,0.7129336596,11,7,49,0,0,1,0,0
10570,1985,0.8200588822,11,8,64,0,0,1,0,0
10570,1986,1.068739653,11,9,81,0,0,1,0,0
10570,1987,1.039098859,11,10,100,0,0,1,0,0
10593,1980,1.216968656,9,6,36,0,0,1,0,0
10593,1981,1.053912163,9,7,49,0,0,1,0,0
10593,1982,1.253163099,9,8,64,0,0,1,0,0
10593,1983,1.350716591,9,9,81,1,0,1,0,0
10593,1984,1.352304697,9,10,100,1,0,1,0,0
10593,1985,1.251297355,9,11,121,1,0,1,0,0
10593,1986,1.362524509,9,12,144,1,0,1,0,0
10593,1987,1.183680058,9,13,169,0,0,1,0,0
10666,1980,1.093465209,11,3,9,1,0,1,1,0
10666,1981,0.999332726,11,4,16,0,0,1,1,0
10666,1982,1.047210097,11,5,25,0,0,1,1,0
10666,1983,0.4513362646,11,6,36,0,0,1,1,0
10666,1984,0.8028132319,11,7,49,0,0,1,1,0
10666,1985,0.7065702081,11,8,64,0,0,1,1,0
10666,1986,1.074725986,11,9,81,0,0,1,1,0
10666,1987,0.6946282983,11,10,100,0,0,0,1,0
11275,1980,0.9554162621,12,3,9,0,0,0,0,0
11275,1981,1.666008234,12,4,16,0,0,0,0,0
11275,1982,1.019451618,12,5,25,0,0,0,0,0
11275,1983,1.085398197,12,6,36,0,0,0,0,0
11275,1984,0.9502880573,12,7,49,0,0,0,0,0
11275,1985,1.387393594,12,8,64,0,0,0,0,0
11275,1986,1.558776498,12,9,81,0,0,0,0,0
11275,1987,1.599297523,12,10,100,0,0,0,0,0
11328,1980,1.739535213,12,5,25,0,0,0,0,0
11328,1981,0.8901210427,12,6,36,0,0,0,0,0
11328,1982,1.482263207,12,7,49,0,0,0,0,0
11328,1983,1.075937986,12,8,64,0,0,0,0,0
11328,1984,1.520969272,12,9,81,0,1,0,0,0
11328,1985,1.603923678,12,10,100,0,1,0,0,0
11328,1986,1.340429068,12,11,121,0,0,0,0,0
11328,1987,2.117212534,12,12,144,0,0,0,0,0
11750,1980,1.159186959,10,2,4,0,0,0,0,0
11750,1981,1.529395223,10,3,9,0,0,0,0,0
11750,1982,1.467359781,10,4,16,0,0,0,0,0
11750,1983,1.502266526,10,5,25,0,0,0,0,0
11750,1984,1.345707893,10,6,36,0,0,0,0,0
11750,1985,1.407173634,10,7,49,0,0,0,0,0
11750,1986,1.842592716,10,8,64,0,0,0,0,0
11750,1987,2.370103359,10,9,81,0,0,0,0,0
11821,1980,1.165136814,15,2,4,0,0,0,0,0
11821,1981,1.949763775,15,3,9,0,0,0,0,0
11821,1982,1.946097136,15,4,16,0,0,0,0,0
11821,1983,1.987774372,15,5,25,0,0,0,0,0
11821,1984,2.11586833,15,6,36,0,0,0,0,0
11821,1985,2.253913879,15,7,49,0,0,0,0,0
11821,1986,2.319288015,15,8,64,0,0,0,0,0
11821,1987,2.275608778,15,9,81,0,0,0,0,0
11857,1980,1.59185648,12,3,9,1,0,0,0,0
11857,1981,2.001566887,12,4,16,1,0,0,0,0
11857,1982,2.650141716,12,5,25,1,0,0,0,0
11857,1983,2.452458858,12,6,36,1,0,0,0,0
11857,1984,2.168054104,12,7,49,1,0,0,0,0
11857,1985,2.372097492,12,8,64,1,0,1,0,0
11857,1986,2.085448027,12,9,81,1,0,1,0,0
11857,1987,1.982279658,12,10,100,1,0,1,0,0
11887,1980,1.941813827,12,3,9,0,0,0,0,0
11887,1981,1.634755731,12,4,16,0,0,0,0,0
11887,1982,1.6680305,12,5,25,0,0,0,0,0
11887,1983,1.638398767,12,6,36,0,0,0,0,0
11887,1984,1.340994596,12,7,49,0,0,0,0,0
11887,1985,1.191420317,12,8,64,0,0,1,0,0
11887,1986,1.57681787,12,9,81,0,0,1,0,0
11887,1987,1.366001606,12,10,100,0,0,1,0,0
11890,1980,1.265678048,6,10,100,0,0,1,0,1
11890,1981,1.711101532,6,11,121,0,0,1,0,1
11890,1982,1.65245533,6,12,144,0,0,1,0,1
11890,1983,1.425712585,6,13,169,0,0,1,0,1
11890,1984,1.478612065,6,14,196,0,0,1,0,1
11890,1985,1.578281283,6,15,225,0,0,1,0,1
11890,1986,1.524607539,6,16,256,0,0,1,0,1
11890,1987,1.723996162,6,17,289,0,0,1,0,1
11892,1980,1.818074465,11,4,16,0,0,0,1,0
11892,1981,2.027552128,11,5,25,0,0,0,1,0
11892,1982,2.415343046,11,6,36,0,0,0,1,0
11892,1983,2.232077837,11,7,49,0,0,0,1,0
11892,1984,2.542747736,11,8,64,0,0,0,1,0
11892,1985,2.027668476,11,9,81,0,0,0,1,0
11892,1986,2.222818375,11,10,100,0,0,0,1,0
11892,1987,2.238106012,11,11,121,0,1,0,1,0
11924,1980,1.428417206,12,2,4,0,0,0,0,0
11924,1981,1.540771842,12,3,9,0,0,0,0,0
11924,1982,1.547686696,12,4,16,0,0,0,0,0
11924,1983,1.361333251,12,5,25,0,0,0,0,0
11924,1984,1.76888907,12,6,36,0,0,0,0,0
11924,1985,1.777669668,12,7,49,0,0,0,0,0
11924,1986,1.41675806,12,8,64,0,0,1,0,0
11924,1987,1.635019064,12,9,81,0,0,1,0,0
11925,1980,1.170362711,10,2,4,0,0,0,0,0
11925,1981,1.496605396,10,3,9,0,0,1,0,0
11925,1982,1.553672075,10,4,16,0,0,1,0,0
11925,1983,1.64646244,10,5,25,0,0,1,0,0
11925,1984,1.818678617,10,6,36,0,0,1,0,0
11925,1985,1.754423857,10,7,49,0,0,1,0,0
11925,1986,1.887379408,10,8,64,0,0,1,0,0
11925,1987,1.814773202,10,9,81,0,0,1,0,0
11957,1980,0.01474822219,13,4,16,1,0,0,0,0
11957,1981,0.439784348,13,5,25,1,0,0,0,0
11957,1982,1.448783398,13,6,36,0,0,0,0,0
11957,1983,1.255406499,13,7,49,0,0,0,0,0
11957,1984,1.327270985,13,8,64,0,0,0,0,0
11957,1985,1.421491146,13,9,81,1,0,0,0,0
11957,1986,1.456839442,13,10,100,0,1,0,0,0
11957,1987,1.381505847,13,11,121,0,0,0,0,0
11973,1980,1.447999597,12,4,16,0,0,0,0,0
11973,1981,1.733490586,12,5,25,0,0,0,0,0
11973,1982,1.872824907,12,6,36,1,0,0,0,0
11973,1983,2.043713331,12,7,49,0,0,0,0,0
11973,1984,2.23213315,12,8,64,0,0,0,0,0
11973,1985,2.040030718,12,9,81,0,0,0,0,0
11973,1986,-0.228186816,12,10,100,0,0,0,0,0
11973,1987,2.035432339,12,11,121,0,1,0,0,0
11990,1980,1.640954375,14,2,4,0,0,0,0,0
11990,1981,1.915812135,14,3,9,0,0,0,0,0
11990,1982,2.307312965,14,4,16,0,0,1,0,0
11990,1983,2.641700745,14,5,25,0,0,1,0,0
11990,1984,2.652109623,14,6,36,0,0,1,0,0
11990,1985,2.443841457,14,7,49,0,0,1,0,0
11990,1986,2.030237436,14,8,64,0,0,1,0,0
11990,1987,2.282292366,14,9,81,0,0,1,0,0
12012,1980,0.4148759246,13,1,1,0,0,0,0,0
12012,1981,1.69423449,13,2,4,0,0,0,0,0
12012,1982,1.621643186,13,3,9,0,0,1,0,0
12012,1983,1.582915545,13,4,16,0,0,1,0,0
12012,1984,1.020155787,13,5,25,0,0,1,0,0
12012,1985,1.333929658,13,6,36,0,0,1,0,0
12012,1986,2.197611332,13,7,49,0,0,1,0,0
12012,1987,2.174310923,13,8,64,0,0,1,0,0
12013,1980,0.6679912806,10,2,4,0,0,0,0,0
12013,1981,1.243193507,10,3,9,0,0,0,0,0
12013,1982,2.933696985,10,4,16,1,0,0,0,0
12013,1983,1.722071171,10,5,25,0,0,0,0,0
12013,1984,1.549015045,10,6,36,0,0,0,0,0
12013,1985,2.174508572,10,7,49,0,0,0,0,0
12013,1986,2.074398279,10,8,64,0,0,0,0,0
12013,1987,1.812288761,10,9,81,0,0,0,0,0
12045,1980,1.147182941,16,1,1,0,0,0,0,0
12045,1981,1.11436069,16,2,4,0,0,1,0,0
12045,1982,1.208186746,16,3,9,0,0,1,0,0
12045,1983,1.560330391,16,4,16,0,1,1,0,0
12045,1984,1.618007898,16,5,25,0,1,1,0,0
12045,1985,1.871322274,16,6,36,0,0,1,0,0
12045,1986,1.55855906,16,7,49,0,1,1,0,0
12045,1987,1.812689424,16,8,64,0,0,1,0,0
12055,1980,1.942335248,12,3,9,0,0,0,0,0
12055,1981,1.560803413,12,4,16,0,0,0,0,0
12055,1982,1.654115915,12,5,25,0,0,0,0,0
12055,1983,1.666176796,12,6,36,0,0,1,0,0
12055,1984,1.815708518,12,7,49,0,0,1,0,0
12055,1985,1.976682782,12,8,64,1,0,1,0,0
12055,1986,2.12843585,12,9,81,0,0,1,0,0
12055,1987,2.092671633,12,10,100,1,0,1,0,0
12084,1980,-0.3690777123,12,5,25,0,0,0,0,0
12084,1981,1.287354469,12,6,36,0,0,0,0,0
12084,1982,1.820196033,12,7,49,0,1,0,0,0
12084,1983,1.471961141,12,8,64,0,0,0,0,0
12084,1984,1.809506059,12,9,81,0,0,1,0,0
12084,1985,2.144140244,12,10,100,0,0,0,0,0
12084,1986,1.625266194,12,11,121,0,0,0,0,0
12084,1987,1.665860176,12,12,144,0,0,0,0,0
12088,1980,1.171248913,12,2,4,0,1,0,0,0
12088,1981,0.929535985,12,3,9,0,0,0,0,0
12088,1982,0.746943593,12,4,16,0,0,0,0,0
12088,1983,0.9982870221,12,5,25,0,0,0,0,0
12088,1984,1.394864321,12,6,36,0,0,0,0,0
12088,1985,1.530690432,12,7,49,0,0,0,0,0
12088,1986,1.900044918,12,8,64,0,0,0,0,0
12088,1987,1.812288761,12,9,81,0,0,0,0,0
12122,1980,0.9465122819,8,9,81,0,0,1,0,0
12122,1981,0.9416085482,8,10,100,0,0,1,0,0
12122,1982,1.186673284,8,11,121,0,0,1,0,0
12122,1983,0.8070701957,8,12,144,0,0,1,0,0
12122,1984,1.657522678,8,13,169,0,0,1,0,0
12122,1985,1.535766244,8,14,196,0,0,1,0,0
12122,1986,0.5851501226,8,15,225,0,0,1,0,0
12122,1987,1.721831679,8,16,256,0,0,1,0,0
12179,1980,1.506268501,10,3,9,1,0,0,0,1
12179,1981,1.285395861,10,4,16,0,0,0,0,1
12179,1982,1.195426106,10,5,25,1,0,0,0,1
12179,1983,1.283577323,10,6,36,1,0,0,0,1
12179,1984,1.441384315,10,7,49,1,0,0,0,1
12179,1985,1.451468468,10,8,64,1,0,0,0,1
12179,1986,1.830256581,10,9,81,1,0,0,0,1
12179,1987,1.945820212,10,10,100,0,0,0,0,1
12182,1980,1.471716046,13,1,1,0,0,0,0,1
12182,1981,1.551267266,13,2,4,0,0,0,0,1
12182,1982,1.690503359,13,3,9,1,0,0,0,1
12182,1983,1.843193173,13,4,16,1,0,1,0,1
12182,1984,2.050271273,13,5,25,1,0,1,0,1
12182,1985,1.926047206,13,6,36,1,0,1,0,1
12182,1986,1.981494784,13,7,49,1,0,0,0,1
12182,1987,2.19075489,13,8,64,1,0,0,0,1
12220,1980,1.542028546,12,2,4,0,0,0,0,1
12220,1981,1.945910096,12,3,9,0,0,1,0,1
12220,1982,1.930791736,12,4,16,1,0,1,0,1
12220,1983,2.064561605,12,5,25,1,0,1,0,1
12220,1984,1.954480052,12,6,36,1,0,1,0,1
12220,1985,2.011084318,12,7,49,1,0,1,0,1
12220,1986,2.074398279,12,8,64,1,0,1,0,1
12220,1987,2.217753887,12,9,81,1,0,1,0,1
12221,1980,0.8643422723,11,6,36,0,0,0,0,0
12221,1981,-0.03278982267,11,7,49,0,0,0,0,0
12221,1982,0.4529656172,11,8,64,0,0,1,0,0
12221,1983,0.6289368272,11,9,81,0,0,1,0,0
12221,1984,0.740937829,11,10,100,0,0,1,0,0
12221,1985,1.178175092,11,11,121,0,0,1,0,0
12221,1986,1.340429068,11,12,144,0,0,1,0,0
12221,1987,1.203198791,11,13,169,0,0,1,0,0
12245,1980,0.6257377863,14,1,1,0,0,0,0,0
12245,1981,1.171759129,14,2,4,0,0,0,0,0
12245,1982,0.9031591415,14,3,9,0,0,0,0,0
12245,1983,1.181936502,14,4,16,0,0,0,0,0
12245,1984,1.148809671,14,5,25,0,0,0,0,0
12245,1985,1.523015618,14,6,36,0,0,0,0,0
12245,1986,1.161203027,14,7,49,0,0,0,0,0
12245,1987,1.37045598,14,8,64,0,0,0,0,0
12276,1980,1.543309689,12,4,16,0,0,0,0,0
12276,1981,1.446946859,12,5,25,0,0,0,0,0
12276,1982,1.612830281,12,6,36,0,0,0,0,0
12276,1983,1.786034703,12,7,49,0,0,0,0,0
12276,1984,1.770957351,12,8,64,0,0,0,0,0
12276,1985,1.706715226,12,9,81,0,0,0,0,0
12276,1986,1.950579405,12,10,100,0,0,0,0,0
12276,1987,1.890560031,12,11,121,0,0,0,0,0
12385,1980,1.427847981,12,5,25,0,0,0,0,0
12385,1981,1.620751619,12,6,36,0,0,0,0,0
12385,1982,2.13233614,12,7,49,0,0,1,0,0
12385,1983,1.376500249,12,8,64,0,0,0,0,0
12385,1984,1.970228434,12,9,81,0,0,0,0,0
12385,1985,1.97066474,12,10,100,0,0,0,0,0
12385,1986,1.9157933,12,11,121,0,0,0,0,0
12385,1987,1.99461031,12,12,144,0,0,0,0,0
12410,1980,-0.8153648376,12,3,9,1,0,0,0,0
12410,1981,1.820332885,12,4,16,1,0,1,0,0
12410,1982,1.743517399,12,5,25,1,0,1,0,0
12410,1983,1.626404524,12,6,36,1,0,1,0,0
12410,1984,1.682546377,12,7,49,1,0,1,0,0
12410,1985,1.557073236,12,8,64,1,0,1,0,0
12410,1986,1.444366097,12,9,81,1,0,1,0,0
12410,1987,1.199618459,12,10,100,0,0,1,0,0
12420,1980,0.004076092504,12,3,9,0,0,1,0,0
12420,1981,2.397895336,12,4,16,0,0,1,0,0
12420,1982,2.318720818,12,5,25,0,0,1,0,0
12420,1983,2.387206793,12,6,36,0,0,1,0,0
12420,1984,2.303329229,12,7,49,1,0,1,0,0
12420,1985,2.231141806,12,8,64,0,0,1,0,0
12420,1986,2.243296862,12,9,81,1,0,1,0,0
12420,1987,2.417904854,12,10,100,0,0,1,0,0
12433,1980,1.667543888,15,2,4,0,0,0,0,0
12433,1981,1.609437943,15,3,9,0,0,0,0,0
12433,1982,1.713940263,15,4,16,0,0,0,0,0
12433,1983,1.268715739,15,5,25,0,0,0,0,0
12433,1984,0.8871203661,15,6,36,0,0,0,0,0
12433,1985,1.876309872,15,7,49,1,1,0,0,0
12433,1986,1.933906317,15,8,64,1,1,0,0,0
12433,1987,1.97435534,15,9,81,1,1,0,0,0
12451,1980,1.06648767,14,2,4,0,0,0,0,0
12451,1981,1.937310815,14,3,9,0,0,0,0,0
12451,1982,1.696641088,14,4,16,0,0,0,0,0
12451,1983,2.016516924,14,5,25,0,0,1,0,0
12451,1984,1.176788568,14,6,36,0,0,1,0,0
12451,1985,1.491832614,14,7,49,0,0,1,0,0
12451,1986,1.971968532,14,8,64,0,0,1,0,0
12451,1987,1.87682724,14,9,81,0,0,1,0,0
12477,1980,2.21346736,12,4,16,1,0,0,0,0
12477,1981,2.222542286,12,5,25,1,0,0,0,0
12477,1982,2.201328993,12,6,36,1,0,1,0,0
12477,1983,2.17169714,12,7,49,1,0,1,0,0
12477,1984,2.168054104,12,8,64,1,0,1,0,0
12477,1985,2.133686543,12,9,81,1,0,1,0,0
12477,1986,2.113619089,12,10,100,1,0,1,0,0
12477,1987,2.202486515,12,11,121,1,0,1,0,0
12500,1980,0.9724026322,12,4,16,0,0,1,0,0
12500,1981,1.324885726,12,5,25,0,0,0,0,0
12500,1982,0.9627070427,12,6,36,0,0,0,0,0
12500,1983,0.8452515006,12,7,49,0,0,1,0,0
12500,1984,1.929574251,12,8,64,0,0,1,0,0
12500,1985,2.037502527,12,9,81,0,0,1,0,0
12500,1986,1.148220658,12,10,100,0,0,1,0,0
12500,1987,1.306740165,12,11,121,0,0,1,0,0
12534,1980,1.840041637,11,2,4,0,0,0,0,0
12534,1981,2.174751759,11,3,9,0,0,0,0,0
12534,1982,2.122766733,11,4,16,0,0,1,0,0
12534,1983,2.130875111,11,5,25,0,0,1,0,0
12534,1984,2.168054104,11,6,36,0,0,1,0,0
12534,1985,2.207794428,11,7,49,0,0,1,0,0
12534,1986,2.381882906,11,8,64,0,0,1,0,0
12534,1987,2.342916965,11,9,81,0,0,1,0,0
12548,1980,1.130545378,9,5,25,0,0,0,0,0
12548,1981,1.311603427,9,6,36,0,0,0,0,0
12548,1982,0.8324815631,9,7,49,0,0,0,0,0
12548,1983,1.591878653,9,8,64,0,0,1,0,0
12548,1984,1.212542772,9,9,81,1,0,1,0,0
12548,1985,1.765961766,9,10,100,0,0,1,0,0
12548,1986,1.745894194,9,11,121,1,0,1,0,0
12548,1987,1.46654284,9,12,144,1,1,1,0,0